idx,problem_id,module,fault,pi_bits,po_bits,gates,exact,probe_vectors,uniform_detection,uniform_activation,expected_random_best4,target_is_pi,target_is_po,all_zero,all_one,zero_or_one,constant2_random2_observed,random,greedy,mcts,best_of_n,evolutionary,vector_evolutionary
0,74c15f2d12a2fa4103d7a877b85bd3994f45e5ef2e0c28522b1d75010e917e85,subminus,sa0 n50,16,9,73,True,65536,0.5,0.5,0.9375,False,False,1,0,1,1.0,0.3125,0.5625,0.625,0.9375,0.8125,0.875
1,f0d863eb7d36fefd7b78a61f508637d0694b77f6b4a1e507c2aeb3195352c972,hexbcdconvertmodule,sa0 n5,4,8,12,True,16,0.375,0.5,0.847412109375,False,False,1,0,1,1.0,0.3125,0.5625,0.6875,1.0,0.9375,0.875
2,439577e7ecb18462f096e114a38fd7a02dab8b514fc1e3ff2171c32f90a86f75,top,sa1 v_pad,14,11,27,True,16384,0.96484375,0.96484375,0.999998472398147,False,True,1,1,1,1.0,0.9375,0.875,1.0,1.0,1.0,1.0
3,3161e44e04751bcf9f6c543cf1fb42886aa64a17a26a36c1e61a40a2fa753ec5,control,sa1 out[20],32,32,62,False,8192,0.492431640625,0.492431640625,0.9336290299038374,False,True,1,0,1,1.0,0.375,0.625,0.75,0.875,0.9375,1.0
4,735356c1d2cb465467a6c8df4a707a8759bc02597df49dd6f9c74c44f187fe9a,and_notbroken,sa1 result[18],64,32,54,False,8192,1.0,1.0,1.0,False,True,1,1,1,1.0,1.0,1.0,1.0,1.0,1.0,1.0
5,16bd95eb5d0eed8cde857d823f567c62180984b6676a6fbf7a4b8ee490634e71,d2str_b,sa1 str[15],16,128,130,True,65536,1.0,1.0,1.0,False,True,1,1,1,1.0,1.0,1.0,1.0,1.0,1.0,1.0
6,8b07e951090def38ac8b07a1303b2f2837680dbcd084f60ef276e74e63c3de4c,cmp,sa1 n56,67,1,54,False,8192,0.0,0.50927734375,0.0,False,False,1,0,1,1.0,0.0,0.0625,0.125,0.25,0.125,0.0
7,e4db25bacc90b6a37b9b04fb7fab25dc18801dc4fada20cba00d943fd4dcad7a,shl2_26bit,sa1 data_out_[23],26,28,29,False,8192,0.4957275390625,0.4957275390625,0.9353362323360093,False,True,1,0,1,1.0,0.5625,0.6875,0.75,1.0,1.0,0.875
8,4094174fecde38aea0a61cb934fe582aec1d60937ce31ab653c0bfe8fc63ec30,ccarrylookahead_11_11_11_inoutt,sa1 n67,23,12,33,False,8192,0.49658203125,0.49658203125,0.9357734118620442,False,False,0,1,1,1.0,0.5625,0.5625,0.8125,0.9375,0.875,0.9375
9,015fc053c23ff9a7ba420d737cf90b8d0fa5e3d04324832cfdc54a65508de718,linear_mprime,sa0 n47,64,64,96,False,8192,0.4979248046875,0.4979248046875,0.9364559247984372,False,False,1,1,1,1.0,0.5625,0.625,0.9375,0.9375,1.0,1.0
10,a67434d20910cbbba8512da6761b80eadeec38cc0dc248d8409ec9d56ddd7a64,n_case,sa1 n85,64,33,79,False,8192,0.999755859375,1.0,0.9999999999999964,False,False,0,1,1,1.0,1.0,0.75,0.75,0.6875,1.0,1.0
11,12562209951401f9a562cb782ebadc9b279eb3820dd301404c25ef16c9affc49,qkt_macro_handler_hub_add_32sx1u_32s_1,sa1 n40,33,32,78,False,8192,1.0,1.0,1.0,False,False,1,0,1,1.0,1.0,0.9375,0.9375,0.9375,0.875,1.0
12,4b631279d132b8a5aefb2e42bf2814db0d2bbd33c38bc441d36d8d0cac8e0ea2,expression_00000,sa0 y[38],60,90,129,False,8192,0.4915771484375,0.4915771484375,0.9331809574341923,False,True,0,1,1,1.0,0.5625,0.375,0.5625,0.875,0.625,0.9375
13,1821e1bcfe1a1b26f3a31ab4f0b546f2d048b8abd2741af1875195000a477cc2,wideexpr_00763,sa1 y[41],80,128,151,False,8192,0.76123046875,0.76123046875,0.9967497585293472,False,True,1,1,1,1.0,0.75,0.6875,0.75,1.0,0.9375,1.0
14,ce5a381b821aef8b05f31339f40175aec0309dd4884672446a346771b4b9e6db,top,sa0 wire1[16],63,68,86,False,8192,0.503662109375,0.503662109375,0.93931103616546,True,False,0,1,1,1.0,0.4375,0.0625,0.3125,0.75,0.875,0.8125
15,aecff5a6bd9c56f4f7897c842deba95fac7d6d9152dd091bc87c4b8c3826c7cd,hazardunit,sa0 n63,30,3,59,False,8192,0.0087890625,0.745361328125,0.0346954740516594,False,False,0,0,0,0.0,0.0,0.0,0.0,0.0,0.0,0.0625
16,69c5229ae89f40e5fb7b0d029d5c3235bc9ef86d02d5f02b5a49e48700256d6a,top_module,sa0 d[2],30,32,33,False,8192,0.4918212890625,0.4918212890625,0.9333092089184836,True,False,0,1,1,1.0,0.5625,0.375,0.5,0.6875,0.8125,0.9375
17,7530ceb8e4eb24ae3348ae3f01e56a327a98bc4b520c1622d866ad496e94ea91,alu_control,sa0 n78,12,6,56,True,4096,0.99951171875,0.999755859375,0.9999999999999432,False,False,1,1,1,1.0,1.0,0.875,0.9375,0.9375,0.875,1.0
18,1d09c8bbfd423c96eac9fcf6ea66db9c325f0c8918c6679257c6419056620005,tt_um_b_2_array_multiplier,sa1 n57,19,24,58,False,8192,0.8770751953125,0.8770751953125,0.9997716725598449,False,False,1,0,1,1.0,0.875,0.9375,1.0,1.0,0.9375,1.0
19,fc9b0ef0e603316e473f066e24641e6a5dd1c486ec77ae9c8d99b3cdfcfaccdc,fake_icache,sa1 instruction[21],34,32,65,False,8192,1.0,1.0,1.0,False,True,1,1,1,1.0,1.0,0.8125,0.8125,1.0,0.875,1.0
20,fb78942b1713df352137e05954fca5cffe7baec6b5f31abb0a238bcec758b715,wideexpr_00650,sa0 y[45],80,128,177,False,8192,0.2459716796875,0.2459716796875,0.6767409957469395,False,True,0,0,0,0.5,0.4375,0.125,0.25,0.25,0.375,0.6875
21,4da6c75cc5b40fe50b5ef57d5bbddf00cbbe17c7ccd02d3e9cac1cb8605001b4,qkv_macro_handler_unit_leftshift_64u_98_1,sa0 n43,6,64,87,True,64,0.875,0.875,0.999755859375,False,False,1,1,1,1.0,0.9375,0.875,1.0,1.0,1.0,1.0
22,24645c6d1bf99175f2ca7a74636b14a51bc50df2bb55709d42775376543c0fe3,top,sa1 y11,25,13,42,False,8192,0.5068359375,0.5068359375,0.9408485103913335,False,True,1,0,1,1.0,0.5625,0.4375,0.75,0.9375,0.875,1.0
23,925682703187ea1f9779731945412e4b795964a10322ad89ae12e13b1092080b,pcadder,sa1 n29,32,32,74,False,8192,1.0,1.0,1.0,False,False,1,0,1,1.0,1.0,1.0,1.0,1.0,0.875,1.0
24,452879f1b0d71d9ba2dcff055fb3040d4346a2b9b71675a515baea164b4c1940,decoder_2_4_dataflow,sa0 n3,3,4,7,True,8,0.75,0.75,0.99609375,False,False,1,0,1,1.0,0.875,0.6875,0.8125,1.0,1.0,1.0
25,1abedce24fb1f9f41d72b2fb02d789b8ea614627155585eff4d2a0c89819f6e8,top,sa1 y[14],47,75,114,False,8192,1.0,1.0,1.0,False,True,1,1,1,1.0,1.0,0.9375,0.9375,0.9375,0.9375,1.0
26,ae7fb6050f529c261e860eedb82d5e267db6619092f027a6540f8acb82af7cc9,partsel_00069,sa1 y[20],144,128,156,False,8192,1.0,1.0,1.0,False,True,1,1,1,1.0,1.0,0.875,0.875,1.0,0.9375,1.0
27,59c57c060c48ca0379e006848f4709f4101c200dcbb478e1b110958cb3a0af46,round_signed,sa0 n23,32,32,73,False,8192,1.0,1.0,1.0,False,False,1,0,1,1.0,1.0,1.0,1.0,1.0,0.9375,1.0
28,48b93ae4fa9ab858ddddac9d54186b6f714bebb3b8a81caff2a8257ba844345c,bus_interface,sa1 bus_grant_a,66,34,35,False,8192,0.5084228515625,0.5084228515625,0.9416061992142521,False,True,1,0,1,1.0,0.625,0.5625,0.875,0.9375,1.0,1.0
29,12fdbd3026129fa1401dc333193b7a6e45945fdc6745fa3c9a19708df1af9b68,wideexpr_00068,sa1 y[64],80,128,142,False,8192,1.0,1.0,1.0,False,True,1,1,1,1.0,1.0,0.8125,0.9375,0.9375,0.875,1.0
30,7350d8144d2777c39d2f515e615638a88df910eefea190fda1e485d76b9bbd4b,uopcodefpudecoder,sa0 n69,11,21,76,True,2048,0.984375,0.98828125,0.9999999403953552,False,False,1,1,1,1.0,0.9375,0.9375,0.9375,0.8125,0.9375,1.0
31,c3b6ce7528f661bdcddfb5c4fbcc3e7dc8ec3bef259a8dd4e1de84a7fff143ab,ula_ctrl,sa0 n25,9,4,18,True,512,0.99609375,0.99609375,0.9999999997671694,False,False,1,1,1,1.0,1.0,1.0,1.0,1.0,1.0,1.0
32,1b820f307582c7e4a5bf5dd45edbc753dba77db04e45c1820ba9e31594c8f953,cu,sa0 po00,14,11,27,True,16384,0.875,0.875,0.999755859375,False,True,1,1,1,1.0,0.875,0.875,1.0,1.0,1.0,1.0
33,1ed57b2a536282b71a34916728fdb918392e549990110ee99b706cf97290d34f,signedmodule,sa0 n32,12,10,33,True,4096,0.234375,0.9375,0.6563910841941833,False,False,0,1,1,1.0,0.25,0.1875,0.25,0.5625,0.6875,0.6875
34,44d0583e768e37a76aa2c00850e6b3bfb953838dc1011f52315c252d956b491d,comp3,sa1 n22,9,3,13,True,512,0.5,0.5625,0.9375,False,False,1,0,1,1.0,0.5625,0.4375,0.625,0.8125,1.0,1.0
35,277b18eb2688ee956d1bf16ee20175f2aaad19341b2f01d3dd628f9ae8b838df,qkt_macro_handler_hub_add_32s_17_4,sa1 n37,32,32,77,False,8192,0.6348876953125,0.759033203125,0.982229245074947,False,False,1,0,1,1.0,0.6875,0.375,0.5,0.75,0.875,1.0
36,284f14245c409ec3d3654dbaf427d969875ecb21f56227420dfe678bae792a79,top,sa0 n88,54,48,103,False,8192,1.0,1.0,1.0,False,False,1,1,1,1.0,1.0,0.9375,1.0,1.0,1.0,1.0
37,aa3aae7e1c2e74d719d1737e68c1e5e8ace2d42ce5f10ad534b8d6682fa480e9,top,sa1 n48,61,67,106,False,8192,0.2474365234375,0.2474365234375,0.6792456542048233,False,False,0,1,1,1.0,0.0,0.0625,0.0625,0.0,0.1875,0.4375
38,93353ace21c8c2c7c1f77d0c356664c0ea9cc041048e366f6bc93be532d72517,control,sa1 alusrc1,15,23,71,True,32768,0.999267578125,0.999267578125,0.9999999999997122,False,True,0,1,1,1.0,1.0,0.9375,1.0,0.9375,0.8125,1.0
39,07c1ce01bfc3bdc1ad810824cf7be16a52173943c6511a1f50ab7d7adaa3f7ce,expression_00097,sa0 n40,60,90,137,False,8192,0.4945068359375,0.502685546875,0.9347078232702832,False,False,0,0,0,0.8125,0.4375,0.25,0.4375,0.5,0.75,0.75
40,4ed8c7b2c24c2348a2130d6d7d0e6674a9c0709cbe046071c58f2df1d2a4a4ba,pcler8_cl,sa0 n30,27,17,45,False,8192,0.5010986328125,0.9993896484375,0.9380475085657947,False,False,0,1,1,1.0,0.375,0.5625,0.875,0.875,0.875,0.875
41,0fa01ba909ac6da08cb9e4b8e93e6fd96c78a45957114598da1bdb1c4f4cee0a,instruction_increment,sa1 n38,32,32,77,False,8192,1.0,1.0,1.0,False,False,1,0,1,1.0,1.0,1.0,1.0,1.0,0.9375,1.0
42,d331f84d3591236277f4c08a65165f43b20fe909c306623cd5992474ad5e6417,qkt_macro_handler_unit_add_32s_102_1,sa1 n40,32,32,77,False,8192,0.031982421875,0.031982421875,0.12192224549079,False,False,0,1,1,1.0,0.0625,0.0,0.0,0.0625,0.0625,0.0625
43,bae927de30d1468befa7d2a6bcbe4491a5c0955457484964610585636d003f22,bin_bcd,sa0 n95,8,12,62,True,256,0.46875,0.46875,0.9203481674194336,False,False,1,0,1,1.0,0.5,0.625,0.8125,0.8125,0.625,1.0
44,e865bcca5e5d94216d1866c374f7577e1e4b484ae8f629a2a90a5f026c8ab715,booth_algorithm,sa0 n132,8,8,79,True,256,0.421875,0.75,0.8882912993431091,False,False,0,1,1,1.0,0.5625,0.375,0.4375,0.5625,0.625,1.0
45,bfd6b48d29a7f22b8a4c1f84ae2e4e3fe666f35c054d858b5df723513e1fbcbc,top,sa0 y[49],36,100,118,False,8192,1.0,1.0,1.0,False,True,1,1,1,1.0,1.0,0.6875,0.6875,0.875,0.9375,1.0
46,010a0b64055db3fc58213e493c60d4604b618e9ed534bd2d6c5dd1909f71274d,mux_a,sa1 switch,25,16,17,False,8192,0.495849609375,0.495849609375,0.9353988227901446,True,False,1,0,1,1.0,0.4375,0.8125,1.0,1.0,1.0,0.9375
47,54f84750f7f083d39a06ec0350fc93d37ed37cf05fdc49fb6a68de412704a1c5,majripplecarryadder_14,sa1 pa9,29,15,42,False,8192,0.50244140625,0.50244140625,0.938711791496587,True,False,1,0,1,1.0,0.5625,1.0,1.0,1.0,1.0,1.0
48,689db3566efaee53ad4c1e1b78da71f7f04db7962d951a7fe4519eab96011837,decoder_4to16,sa1 out0,4,16,22,True,16,0.9375,0.9375,0.9999847412109375,False,True,0,1,1,1.0,0.9375,0.8125,1.0,1.0,1.0,1.0
49,25923370c6c77a91ea8c1942c7ac723536e252825fd394492e228f2b3918afbb,simple_processor,sa1 branch,6,11,19,True,64,0.984375,0.984375,0.9999999403953552,False,True,1,1,1,1.0,1.0,0.9375,1.0,1.0,1.0,1.0
50,a248fb03205a81f4ccf912ab13bf5e368b06deef1002634717ccd21fcbf028c6,full_add,sa0 n4,3,2,3,True,8,0.5,0.5,0.9375,False,False,1,0,1,1.0,0.5625,0.5625,0.9375,1.0,1.0,1.0
51,c9429989ac04a90d622a82e8491fbb40204e30fa7d93cb8dbc20c6d002fb0087,wideexpr_00361,sa1 y[30],80,128,159,False,8192,1.0,1.0,1.0,False,True,1,1,1,1.0,1.0,0.5,0.625,0.625,0.875,1.0
52,c5c064c30810641d9814bcb9ac2f4dc9e329e668cfdded9709a2e56917e1cb9e,multiple_nets,sa0 N25,64,32,60,False,8192,0.745361328125,0.745361328125,0.9957956637544463,False,False,0,1,1,1.0,0.9375,0.625,0.75,1.0,1.0,1.0
53,15a722ced1021deecbc7f81cddfae33ae55871211e2a0d2b8a2f5dcae7bc1310,ripple_carry_adder,sa1 n39,17,9,24,False,8192,0.5020751953125,0.5020751953125,0.938531155857717,False,False,0,1,1,1.0,0.5625,0.375,0.875,1.0,1.0,0.9375
54,69988a87a45a7cfb41eca4f6c0dc356688bae88be80218df7741d0bc4e48596f,top,sa1 y[34],40,52,63,False,8192,1.0,1.0,1.0,False,True,1,1,1,1.0,1.0,0.9375,0.9375,0.875,1.0,1.0
55,57d84b47662c265e7ba68be6edbf98bdb046ed87eb4437bf677cc06776cd88b4,increment_pc_by_4,sa1 n24,32,32,74,False,8192,0.0,0.0,0.0,False,False,0,1,1,1.0,0.0,0.0,0.0,0.0625,0.0,0.0
56,4615ca5eab727edc109b086f955b1afc022204a3c45eaf525c63d8c61980baa8,top,sa1 y_6,48,58,102,False,8192,0.5003662109375,0.5003662109375,0.9376829044012813,False,False,1,1,1,1.0,0.5,0.75,1.0,1.0,1.0,0.9375
57,bd0c8df9c0e0cac67ff87d90f693237671010ff4eec92e8c2a0ae2427351e7a6,expression_00017,sa0 y[75],60,90,142,False,8192,1.0,1.0,1.0,False,True,1,1,1,1.0,1.0,0.75,0.875,0.875,0.8125,1.0
58,fcca87910dd99b6d30fdeb3419e0fc4ce1c8c089e38e0bebf50d179df776e1d3,onebyfourdemux,sa1 out1,3,4,7,True,8,0.875,0.875,0.999755859375,False,True,1,1,1,1.0,0.875,0.875,1.0,1.0,1.0,1.0
59,45e5c088b2461fa938f34b5ce9553d066fa9eb5152e6ba6b80b07633a94fbbb7,jump_addr,sa0 ir[17],64,32,33,False,8192,0.5020751953125,0.5020751953125,0.938531155857717,True,False,0,1,1,1.0,0.5625,0.625,0.9375,1.0,1.0,1.0
60,df23bb456d62b950d803b340fb3195379ef8ae1bf92af486abe707c6e53c9721,wideexpr_00914,sa1 y[49],80,128,151,False,8192,0.4921875,0.4921875,0.9335012398660183,False,True,1,0,1,1.0,0.5625,0.9375,1.0,1.0,1.0,0.9375
61,68b8c549f6a0bce049b115694bf7a8d3402c805787b9df0963bd5ceb1d6ae706,top,sa1 n121,29,15,67,False,8192,0.6201171875,0.7498779296875,0.9791743493542526,False,False,1,1,1,1.0,0.75,0.5625,0.6875,0.9375,0.9375,1.0
62,412f51fe6c89a0db8991cf53c0171b719823c082e48d4a10b4fb72ed210d93ed,ct_fcnvt_htos_sh,sa0 n99,10,17,66,True,1024,0.873046875,0.99609375,0.9997402392182266,False,False,1,1,1,1.0,0.9375,0.6875,0.9375,1.0,1.0,1.0
63,5bc78c433825f9b67347ce6ab68431104214612a466a9d4a1cabd8a7e33683db,lookahead_carry_unit,sa0 g,9,6,9,True,512,0.6640625,0.6640625,0.9872639738023281,False,True,0,1,1,1.0,0.75,0.4375,0.9375,1.0,1.0,0.9375
64,84f2c3d2feb9172b5c457258c5113e03d624645b8f066b0f5bea1e522c589b22,top,sa0 y[118],47,133,140,False,8192,0.9840087890625,0.9840087890625,0.9999999346078814,False,True,0,1,1,1.0,0.9375,1.0,1.0,1.0,0.9375,1.0
65,30a7b17c0a211a8d64b3ed44e96a4fc77071d2ef562341fde4e4e1b2b70a3587,wideexpr_00873,sa1 y[123],80,128,170,False,8192,1.0,1.0,1.0,False,True,1,1,1,1.0,1.0,0.8125,0.9375,1.0,0.9375,1.0
66,6833820f4402ccaf1036ceaf17c079dde48546599b975f977291f3b882c90251,wideexpr_00922,sa1 y[37],80,128,173,False,8192,0.498046875,0.498046875,0.9365177005383885,False,True,1,0,1,1.0,0.625,0.4375,0.6875,0.9375,0.9375,0.9375
67,8ac40e0e76ecbeebbc965c1add38feb6944ff6412c0b266eab89b3c41d00ea29,wideexpr_00750,sa0 y[65],80,128,148,False,8192,0.494384765625,0.494384765625,0.9346447314263706,False,True,0,1,1,1.0,0.375,0.4375,0.5625,0.625,0.5,1.0
68,690a15eb9fb94802dcd094d60036712234021ae9a4e21117598c4dc460660e29,wideexpr_00904,sa1 y[98],80,128,159,False,8192,1.0,1.0,1.0,False,True,1,1,1,1.0,1.0,0.75,1.0,1.0,1.0,1.0
69,3034a4df805b08016bb0ad06e371f4ef1c0fa1fa25041208c508188e2b524f8a,top,sa0 wire3[13],60,62,74,False,8192,0.50048828125,0.50048828125,0.9377437832299051,True,False,0,1,1,1.0,0.75,0.3125,0.5,0.9375,0.875,0.9375
70,bd051ebae3df785208e71091f8f6705c1f86959ef6e7452f331c99326c7e6953,qkt_macro_handler_unit_minus_17u_18s_1,sa0 n6,17,18,47,False,8192,0.9998779296875,0.9998779296875,0.9999999999999998,False,False,0,1,1,1.0,1.0,0.9375,0.9375,0.9375,1.0,1.0
71,1566b85cb00e7ddeb28465e25a60b651032feb2653137640d65e8d3053748a8f,immediate_generator,sa1 n105,32,32,75,False,8192,0.895751953125,0.965087890625,0.9998818940687748,False,False,0,1,1,1.0,0.875,0.75,0.875,0.9375,1.0,1.0
72,13be2219881e16adb798f82edaa6499dcb72d31269b5b2a1cf8c2087a1362c3e,modulo_mux2_1,sa0 out,3,1,2,True,8,0.5,0.5,0.9375,False,True,0,1,1,1.0,0.6875,0.75,1.0,1.0,1.0,0.75
73,c2760ea14bae08b72e1bd96caf12a0bc2ce126cac3ad8b6ec7866dbc3fb25a03,top,sa1 n35,49,34,62,False,8192,0.00390625,0.99267578125,0.015533685451373458,False,False,0,0,0,0.0,0.0,0.0,0.0,0.0,0.0,0.0
74,f3de8d12be917ac1a1117aee70601c8e89482c9a0d5cddd772c521ff533aa97f,mux,sa0 n92,67,8,55,False,8192,0.449462890625,0.5030517578125,0.9081357797670044,False,False,0,0,0,0.8125,0.75,0.25,0.5625,0.625,0.6875,1.0
75,92321f532974c937b7dd8240f279e402fc14df08da9bb5aecc0b8f76100bd8a2,hex,sa0 n29,4,7,19,True,16,0.6875,0.875,0.9904632568359375,False,False,1,0,1,1.0,0.5625,0.9375,1.0,1.0,1.0,1.0
76,26efd739d756e9e393844f90d55478a77625e438d1b5a980096e1bf3feca6df8,comp,sa1 pi00,32,3,54,False,8192,0.2489013671875,0.4951171875,0.6817357295443782,True,False,1,0,1,1.0,0.1875,0.4375,0.6875,0.8125,0.875,0.4375
77,134e7106e4c5b03bf4bed16f3136d0b75b18836b2151b0eff126c1f18ea6bbaa,ex_102_test_vector_and,sa0 out2,18,11,15,False,8192,0.9974365234375,0.9974365234375,0.9999999999568165,False,True,1,0,1,1.0,1.0,0.75,1.0,1.0,1.0,1.0
78,4fcf29b33be18b5edd96658eefe3dbe707ab8c3760aa21d2e9dff068c8d08dde,top,sa1 y[58],35,64,81,False,8192,1.0,1.0,1.0,False,True,1,1,1,1.0,1.0,1.0,0.9375,1.0,1.0,1.0
79,800a023ffc92f46cb537449fefc4a1936b7e838089d5b69749d65ee86692844e,x2050rad,sa1 n56,108,32,52,False,8192,0.3685302734375,0.492431640625,0.8409952350708527,False,False,0,1,1,1.0,0.375,0.1875,0.5,0.6875,0.625,0.9375
80,35dcbde4738d030931279e861c7e237d199c6d94f99d0b4ff51631ace90629aa,top,sa1 y15,35,16,63,False,8192,0.2525634765625,0.2525634765625,0.687897488677226,False,True,0,0,0,0.375,0.1875,0.0,0.1875,0.25,0.6875,0.625
81,a8e203e14613c4c412a7cfbe4bf5393d8d0d702f4f0653c58391b7cffb3efec6,digit,sa1 n76,8,14,50,True,256,0.375,0.375,0.847412109375,False,False,0,1,1,1.0,0.3125,0.3125,0.5625,0.875,1.0,0.875
82,e56f68109faebd99bd0e01213c4b2e3d6b64ba10479f2cb7813db9c7e580c6e4,adder4,sa1 n5,32,32,74,False,8192,0.501953125,0.501953125,0.9384708553407108,False,False,0,1,1,1.0,0.75,0.25,0.625,0.75,0.8125,1.0
83,1fff695429584d19b334bd0671cb6d7b8190b86a3dd3238278daa93a68bb6581,adder4,sa1 n35,32,32,74,False,8192,1.0,1.0,1.0,False,False,1,0,1,1.0,1.0,0.6875,0.9375,0.9375,1.0,1.0
84,a73ada51f0f177e441b063d39dfb117e25aeec8e365419a359e75bcdc6affb12,expression_00277,sa1 y[84],60,90,134,False,8192,1.0,1.0,1.0,False,True,1,1,1,1.0,1.0,0.75,0.6875,0.75,0.75,1.0
85,b0b572572de8c38187869af24fa36fd018a0e3edb9ae732b38c458ea4a989559,jump_shiftleft2,sa0 shift_in[2],26,28,29,False,8192,0.5013427734375,0.5013427734375,0.9381686869968922,True,False,0,1,1,1.0,0.5,0.5,0.8125,0.9375,1.0,0.9375
86,14ff81f6e78f719736d35405359ed17005277804d8ca89600974c116c6df54b7,top,sa1 y[4],66,58,110,False,8192,1.0,1.0,1.0,False,True,1,1,1,1.0,1.0,0.9375,1.0,0.9375,0.9375,1.0
87,4cb17403346a61bfa163945f6e5b4468231c05156319c5b7c2edb38aec0c1855,ccarrylookahead_9_9_9_inoutt,sa0 n53,19,10,27,False,8192,0.49072265625,0.49072265625,0.9327306200711405,False,False,1,0,1,1.0,0.6875,0.5625,0.6875,0.8125,0.8125,0.9375
88,980f3aa13f3ef22116736692860ac7ffade977e2eb67dce1cb9a80bab127681e,incrementor,sa0 n16,32,32,75,False,8192,0.9993896484375,0.9993896484375,0.9999999999998612,False,False,1,0,1,1.0,1.0,0.875,0.75,0.8125,0.875,1.0
89,ad3f61bd0ace813003b6f0af19ccd795e274b02580fca35dcb10740b63d87fcd,control32,sa1 jr,34,18,52,False,8192,0.9998779296875,0.9998779296875,0.9999999999999998,False,True,1,1,1,1.0,1.0,0.8125,0.8125,0.875,0.9375,1.0
90,17de0d610e47d36a86ac0e583e280addedc0861a0f6d50f2b6c1e69f2fd973c7,wideexpr_00401,sa1 y[6],80,128,155,False,8192,1.0,1.0,1.0,False,True,1,1,1,1.0,1.0,0.4375,0.9375,0.9375,0.875,1.0
91,27aece73161fb97d0b598ef7e72444abcee1bdcd868418c08c32fbb931e2a0fc,fmadd_extender,sa1 extender_output_a[11],66,116,119,False,8192,1.0,1.0,1.0,False,True,1,1,1,1.0,1.0,0.9375,1.0,1.0,1.0,1.0
92,970d56cfb4f51e74cf5a0447cb72f35d45dc834b29273d048b485d8a9bcfe682,ex_forward,sa0 n48,22,4,46,False,8192,0.955810546875,0.9840087890625,0.9999961869323748,False,False,0,0,0,1.0,0.9375,0.75,1.0,1.0,1.0,1.0
93,986eed189bdb410751ae5db04d031156dcf44585f68049a3d40b44996bca2d72,wideexpr_00874,sa0 y_1,80,128,174,False,8192,0.9735107421875,0.9735107421875,0.9999995076440837,False,False,0,1,1,1.0,1.0,0.5,1.0,1.0,0.9375,1.0
94,9ac0704bc59c37ed9c4cf81c2f200262dffc3a25337b0cbc8874363d65abffca,snax_req_handler_equal_1u_26_4,sa1 out1,32,1,11,False,8192,1.0,1.0,1.0,False,True,1,1,1,1.0,1.0,1.0,1.0,1.0,1.0,1.0
95,c8dfd5f0d9ca296967d1440fc28d20274fadd0599bb791faefc130f4bfa1e2c6,aq_rtu_int,sa1 int_retire_int_vld,17,6,30,False,8192,0.752685546875,0.752685546875,0.9962589114355147,False,True,1,1,1,1.0,0.8125,0.875,1.0,1.0,1.0,1.0
96,28368fe4581000aa81275e5a83a2eb590520fb63ed5643921a367fdfa021f0eb,w_io_switch_matrix,sa1 e6beg7,48,36,74,False,8192,0.4989013671875,0.4989013671875,0.9369488704491216,False,True,1,0,1,1.0,0.3125,0.375,0.875,0.9375,0.9375,1.0
97,bba9b039805348c5589b775064463ef66bed0f8b3c48b6c7c48174ad03c5dbe2,decode,sa1 n12,9,11,72,True,512,0.3125,0.5,0.7765960693359375,False,False,1,0,1,1.0,0.375,0.25,0.625,0.75,0.6875,0.875
98,87fb0dc411a240c4b678d7013a759e53f0022f37337ed12c1c214c6893e87f56,alu,sa0 n80,11,4,51,True,2048,0.38134765625,0.5,0.8535171941102249,False,False,0,0,0,0.5,0.3125,0.625,0.6875,0.75,0.875,0.75
99,456e915a9a75c10e3bd6c09e42e9d09011902c11890db4122947ccd2fcb8f484,rounder,sa0 n49,32,32,109,False,8192,1.0,1.0,1.0,False,False,1,0,1,1.0,1.0,0.75,0.9375,0.875,0.8125,1.0
100,79b7609bb5baca0a39d7638eae2482b53824d5187ac6d47f4acd8096144d1e09,wideexpr_00991,sa0 y[108],80,128,182,False,8192,1.0,1.0,1.0,False,True,1,1,1,1.0,1.0,0.875,0.6875,0.875,0.8125,1.0
101,3edb84d85e409f32a592be4aa6e89c713e411bcddcaff09fdd3a960f1e26def4,pcadd4,sa0 n46,33,32,76,False,8192,0.00732421875,0.00732421875,0.028976578647359474,False,False,0,0,0,0.0,0.0,0.0,0.0,0.0,0.0625,0.0
102,5f6daeb497c705b2fa62ec5e87e0ad891f350c6ffddb6dc343ed3c4e01539ca5,top,sa1 y[60],29,75,116,False,8192,0.6224365234375,0.6224365234375,0.9796783060969749,False,True,1,1,1,1.0,0.1875,0.9375,1.0,0.9375,1.0,0.9375
103,086994e29931ef7c1d840962b835718c528ee9a178e9be9c3b8d88a5dd0e25af,wideexpr_00979,sa1 y[122],80,128,172,False,8192,0.506103515625,0.506103515625,0.9404963318175952,False,True,1,0,1,1.0,0.5625,0.25,0.5,0.75,0.5,0.9375
104,86d467d11936f117a2a03d7688eeb5ef870f3ed8cf7320ca8037dfe2ef1aecfe,demux2,sa1 sel,17,32,49,False,8192,0.509521484375,0.509521484375,0.9421264723815703,True,False,0,0,0,0.75,0.625,0.875,1.0,1.0,1.0,0.875
105,56138d1dfe19bd8a53d77fe48ec6f1ed10426bb9f697be4011ce5794f87229cf,control,sa0 n52,17,15,48,False,8192,0.9609375,0.984375,0.9999976716935635,False,False,1,1,1,1.0,1.0,0.875,1.0,1.0,1.0,1.0
106,76d76f3dde709f70fe64a7d351c5e0023eccb7085186e170717ce5c394affb04,top,sa0 n59,41,21,52,False,8192,0.051513671875,0.6151123046875,0.19067249400717046,False,False,0,0,0,0.1875,0.0625,0.0625,0.125,0.125,0.125,0.1875
107,4c8fdaad554f7ad2dd715801415baec065a8c69171ca1a48cfcb7b1c479be09d,qkt_macro_handler_hub_n_mux_8_4_107_4,sa1 n31,34,8,30,False,8192,0.49267578125,0.4945068359375,0.9337566356734328,False,False,0,1,1,1.0,0.375,0.25,0.4375,0.6875,0.5625,0.875
108,1eba82d10e98e0a36987d433debba3b9c32822b08d464aa1453325eafcdc67c2,ctrl,sa1 wen,17,15,48,False,8192,0.9937744140625,0.9937744140625,0.9999999984978236,False,True,1,1,1,1.0,0.9375,0.0625,0.25,0.125,0.125,0.0
109,ccaceaac3dc521688e98a674719c827285215afaebabf036712b6653726ac1a6,qkt_macro_handler_unit_add_32sx1u_32s_4,sa1 n11,33,32,78,False,8192,0.4912109375,0.4912109375,0.9329882334850481,False,False,0,1,1,1.0,0.375,0.375,0.625,0.875,0.875,0.875
110,b96dfe8ee3d5a5ebac063150a0a29e7b959f1e3ee452f4373c7a1de3a2484aa7,wideexpr_00174,sa1 y[93],80,128,165,False,8192,1.0,1.0,1.0,False,True,1,1,1,1.0,1.0,0.75,0.9375,1.0,0.875,1.0
111,cc5999368794b54d4c0b9447264f20c70e2f5d07e5591053e886ddd032f5c080,wideexpr_00257,sa0 y[2],80,128,138,False,8192,0.748779296875,0.748779296875,0.9960168954399329,False,True,0,1,1,1.0,0.8125,0.5625,0.6875,0.9375,0.9375,1.0
112,42050f769a946fa23e3a33a295571e72b364ccf5a3b10da245671ecfb4994619,top,sa0 y[53],45,62,77,False,8192,1.0,1.0,1.0,False,True,1,1,1,1.0,1.0,1.0,1.0,1.0,1.0,1.0
113,56b7b6c94748dfeb772890bd2d925ad8f19341bbfdfbb58cd27f2c7762514f1f,ccarrylookahead_14_14_14_inoutt,sa1 pb13,29,15,42,False,8192,0.5010986328125,0.5010986328125,0.9380475085657947,True,False,1,0,1,1.0,0.6875,0.875,1.0,1.0,1.0,1.0
114,d01003ff38848b5b2d483874ef25e2264c4929d070e1b772160bea958d4f076a,instruction_memory,sa1 n78,8,32,88,True,256,0.84375,0.9375,0.9994039535522461,False,False,1,1,1,1.0,1.0,0.875,1.0,0.875,0.8125,1.0
115,501d7af53b7f98eb4e71888cefb8b23d3ad1591e8a871306ebe5cd485b395335,seg7,sa0 n6,4,7,12,True,16,0.75,0.8125,0.99609375,False,False,1,1,1,1.0,0.6875,0.75,1.0,1.0,1.0,1.0
116,f589f24e223d7580998f9ce1195bb7dfce5d136388e1a4a90577ac7732604540,fpu_fclass,sa1 classification_output[24],18,32,51,False,8192,1.0,1.0,1.0,False,True,1,1,1,1.0,1.0,1.0,1.0,0.9375,0.875,1.0
117,766e47bd816efbeeeffeadb8b0594f1de4c23049ad2571c6d5d8841a1aeb076a,decoder_using_case,sa0 enable,5,16,25,True,32,0.5,0.5,0.9375,True,False,0,1,1,1.0,0.4375,0.9375,1.0,1.0,1.0,0.875
118,e6da04ce93992035437d48c3fc983e62aac30e9e39c4f140d443004cc1ead605,partsel_00032,sa0 y[57],144,128,140,False,8192,0.4964599609375,0.4964599609375,0.9357110937701909,False,True,0,1,1,1.0,0.25,0.625,0.5625,0.8125,0.8125,1.0
119,c1889f188d3cee4fe18447d4d4e1f7213b3f8b00bc004d3725d66517013df883,m_7seg_decoder,sa0 n39,4,7,25,True,16,0.9375,0.9375,0.9999847412109375,False,False,1,1,1,1.0,0.875,1.0,1.0,1.0,1.0,1.0
120,238f03bfcebda9a8c92062adec42fd2bbb011be3d55467a7f5ca64f408aefbc9,cnw,sa1 n87,37,32,72,False,8192,0.7894287109375,0.9366455078125,0.9980339406534247,False,False,0,0,0,0.875,0.6875,0.5625,1.0,0.9375,0.9375,0.9375
121,4b7e83569fdae15a4789a2e62d81d1ef194e69df60f07d3c00af8a4f83152ec7,qkt_macro_handler_hub_add_32sx1u_32s_4,sa1 n40,33,32,78,False,8192,1.0,1.0,1.0,False,False,1,0,1,1.0,1.0,0.875,0.75,1.0,1.0,1.0
122,5d9d3bbad17cc37c1e7c9e6685e8d72419e1814565965f4f56cb5f2b9b596ad7,top_module,sa1 up,16,4,15,True,65536,0.9999847412109375,0.9999847412109375,1.0,False,True,1,1,1,1.0,1.0,1.0,1.0,1.0,1.0,1.0
123,cf4e8650ad58ee2afcc552a2a555a1cbfade40c6b0523d1f57bb4887551b2ff8,alu,sa0 n56,19,8,72,False,8192,0.0618896484375,0.497314453125,0.22551018158842218,False,False,0,0,0,0.3125,0.125,0.0,0.0625,0.1875,0.1875,0.25
124,b2ff97ae4f6d058491ac970570d4776b4dc5f05badabdf41913af79d81bb7c3a,cripplecarryadder_16_16_16_inoutt,sa0 n104,33,17,48,False,8192,0.49755859375,0.49755859375,0.9362703270389261,False,False,1,0,1,1.0,0.4375,0.8125,0.8125,0.9375,0.9375,1.0
125,4c3383a9eac7c01e99f7c84ed3fadf310217f29ca32e4f84244c9f1a91f3459f,shiftleft2,sa0 out[22],32,32,33,False,8192,0.5009765625,0.5009765625,0.937986852600261,False,True,0,1,1,1.0,0.3125,0.625,0.8125,1.0,1.0,0.875
126,7dcf84f89d27a97b13a4382a74401cc1cb2495d693ab985d0de435f30a497dcf,top,sa1 y[4],72,86,106,False,8192,0.49462890625,0.49462890625,0.9347708694230619,False,True,1,0,1,1.0,0.5,0.125,0.25,0.6875,0.5,0.9375
127,e55f0edbfb3d4ca829b26a569329c094b1e576b3ca0ad13842d6b9b87de1102c,comp_1bit_nor,sa1 n2,2,3,4,True,4,0.5,0.5,0.9375,False,False,0,1,1,1.0,0.5,0.1875,0.375,0.75,0.75,0.875
128,e47f6b249ae53f188af4bcbc3ee5dac7b99e821d6a250f2aa875e25c8e8ad3fe,decoder,sa1 addr[13],32,101,102,False,8192,0.49365234375,0.49365234375,0.9342652196127688,False,True,1,0,1,1.0,0.4375,0.25,0.875,0.75,0.875,0.9375
129,77b7d4cae05cfc780b1863e8a8f64e7847ac3c2f2ef510a1941a5ded348ee601,compressor32,sa0 in1[9],48,34,51,False,8192,0.506591796875,0.506591796875,0.9407312917210753,True,False,0,1,1,1.0,0.4375,0.375,0.5,0.875,0.9375,1.0
130,ac646d42b54e10d5b81f4e2c35af1279c0b70a9947078ca2268a1f3bdd66f316,logic_gates_1,sa0 oor,2,3,4,True,4,0.75,0.75,0.99609375,False,True,0,1,1,1.0,0.6875,1.0,1.0,1.0,1.0,1.0
131,be0beb86df7a24f6a0e3d0da4d40077df5819a74bfe12aa6cdc8a819e2cd37a7,count_leading_zeros,sa0 n48,23,5,30,False,8192,0.4921875,0.4921875,0.9335012398660183,False,False,1,0,1,1.0,0.5,0.5,0.8125,1.0,0.9375,0.9375
132,3746bc4c8e19ca05eda41944527ffb54d12a387ad4a32a99452a75f3fbd30bd0,top,sa0 n77,33,17,48,False,8192,0.253173828125,0.5029296875,0.688915683771878,False,False,0,0,0,0.5625,0.375,0.5,0.5625,0.625,0.4375,0.625
133,dd14ae16fedb7460a9ed729959ebb622c42d61ba5409fdad6e8e2ae19f98953f,control,sa0 n38,11,15,37,True,2048,0.982421875,0.984375,0.9999999045248842,False,False,1,1,1,1.0,1.0,1.0,1.0,1.0,1.0,1.0
134,d6d7b3fef0fd6b2bfe887834eee1a56930350e39319db2c89c47d9d27808f592,main_decoder,sa1 alusrc,7,9,19,True,128,0.984375,0.984375,0.9999999403953552,False,True,1,1,1,1.0,1.0,0.9375,1.0,1.0,1.0,1.0
135,c2bfd4617944b344b23d41a810c7b5c67e5bb9e5873be81ac6e223480dcabe83,final_adder_3,sa0 n63,32,16,45,False,8192,0.52392578125,0.52392578125,0.9486312907137631,False,False,1,0,1,1.0,0.75,0.6875,0.875,1.0,1.0,0.9375
136,3512c83b286509718979ee97852c64aaaf84a137d0fc50a830642d6859486e29,tt_um_koggestone_adder,sa1 uio_out[7],19,24,32,False,8192,1.0,1.0,1.0,False,True,1,1,1,1.0,1.0,1.0,1.0,1.0,1.0,1.0
137,a1e1c7af199e6f969098f88bcde2af6d103b06d7379c8f3e79ee26b28fec695c,top,sa1 n84,32,6,62,False,8192,0.7574462890625,0.7574462890625,0.9965387601602449,False,False,0,1,1,1.0,0.8125,0.25,0.4375,0.75,0.5,1.0
138,b7d703aadf98988f926e3fba6a98ff94d8dd94497ff4e8a45e5ad83faf3f699e,forwardingunit,sa0 n73,21,6,47,False,8192,0.885009765625,0.9404296875,0.9998251587766127,False,False,1,0,1,1.0,0.875,0.8125,0.9375,0.875,1.0,1.0
139,f35018ab0e88b73930b6867b3f1fcb9d36dd45add45012b4b85c00c118b81561,core_c1_clic,sa1 exception_code[5],6,18,25,True,64,1.0,1.0,1.0,False,True,1,1,1,1.0,1.0,0.9375,0.875,1.0,1.0,1.0
140,68482b886abf5110278dcdbcecdb236fb75278ff19b69ca40103140e663ff3f2,f1_test,sa0 out,20,1,18,False,8192,0.4984130859375,0.4984130859375,0.9367027575254061,False,True,0,1,1,1.0,0.5,0.625,0.9375,0.875,0.75,1.0
141,77bb4669c6609f156f62f74da01cc90bfb9dd21b5a886551e95986e81476c31f,add4,sa1 n5,32,32,77,False,8192,0.5001220703125,0.5001220703125,0.937561012808146,False,False,0,1,1,1.0,0.625,0.75,0.5,0.8125,0.625,1.0
142,eb32d1eef8d087898ee03ee3314803c2831dfdedf5119fa28e6d2e98e52e1834,qkt_macro_handler_hub_sub_32sx5u_32s_4,sa1 n6,37,32,83,False,8192,0.0,0.0,0.0,False,False,0,0,0,0.0,0.0,0.0625,0.0,0.0625,0.0,0.0
143,440bf08f7609e3bf27b6c016641b6007ef03efdb9ccbdb4516df0e65e8048ede,lal,sa0 pi15,26,19,48,False,8192,0.2442626953125,0.4979248046875,0.6738003869528908,True,False,0,0,0,0.5,0.3125,0.4375,0.6875,0.8125,0.625,0.75
144,7544b825345781e52185a59bb12cf03214c380fe35eacfd24053aebfd6ce5eca,top_module,sa1 n142,32,8,73,False,8192,0.302001953125,0.5013427734375,0.7626349191571613,False,False,0,0,0,0.375,0.25,0.125,0.3125,0.6875,0.4375,0.625
145,e6e06f42473ef5a6612c2b6ffc1861d320e1eb9b044db4e531993def39af1308,wideexpr_00057,sa1 y_80,80,128,168,False,8192,0.8720703125,0.8720703125,0.999732153882178,False,False,0,1,1,1.0,1.0,0.8125,0.875,1.0,0.9375,1.0
146,c9032aafd39821d161df18b459afd172af297c902d26c55cc39eb92869491b70,control,sa1 branch,7,23,59,True,128,0.875,0.875,0.999755859375,False,True,1,1,1,1.0,1.0,1.0,1.0,0.9375,1.0,1.0
147,5bec87f8751b777e607daa090340087a6c41e106c7c1afb6a1e9ad6f0390c915,top,sa1 y_64,23,98,135,False,8192,0.6259765625,0.6259765625,0.9804297997607136,False,False,1,0,1,1.0,0.5625,0.3125,0.375,0.8125,0.6875,1.0
148,5bf5aeab28165f5dec6a09851d6897da4e6c5a079ac4c57cca596bc687df2af7,twoscompliment,sa0 n44,32,32,90,False,8192,0.9974365234375,0.9974365234375,0.9999999999568165,False,False,0,1,1,1.0,1.0,0.9375,1.0,1.0,0.9375,1.0
149,f0d1a339c38b525b65959589cb94c201eb8bde913df8285775e70bca9ee62b5d,qkt_macro_handler_unit_sub_6sx1u_6s_4,sa1 n9,7,6,14,True,128,0.5,0.5,0.9375,False,False,0,1,1,1.0,0.625,0.75,0.875,1.0,1.0,0.875
150,49037709bbb6331c8f24069246c904161aaf14bba72948dde6c0fcb1715f163a,b_halfadder,sa1 cout,2,2,3,True,4,0.75,0.75,0.99609375,False,True,1,0,1,1.0,0.8125,0.75,0.9375,1.0,1.0,1.0
151,55c3fb0ae13c1456a74d7f462482f1f3533e84acefa5c94d43fea3d578dc75d6,top,sa1 i0_pad,34,10,74,False,8192,0.3087158203125,0.4991455078125,0.7716366149434462,True,False,1,0,1,1.0,0.375,0.625,0.8125,0.6875,0.8125,1.0
152,d3059b9b19065ac171941c9eedc744741c65b72b7865f3fa305584ea30b1739d,ha,sa0 a,2,2,3,True,4,0.5,0.5,0.9375,True,False,0,1,1,1.0,0.375,1.0,1.0,1.0,1.0,0.9375
153,8b57088bf0d44210cfa8b6805ad767d2acafbe15c8a1a16f921ffc5e41026a07,ucode,sa0 n89,19,23,78,False,8192,0.931884765625,0.931884765625,0.9999784733216721,False,False,1,1,1,1.0,0.9375,0.8125,1.0,1.0,1.0,1.0
154,c46ab4f1d6716bd996bab883eeb8453c696abf9484543f5c3d058a8cc49080c0,qkt_macro_handler_unit_add_22sx17u_23s_1,sa1 n4,39,23,72,False,8192,0.489501953125,0.489501953125,0.9320833369759463,False,False,0,1,1,1.0,0.625,0.5625,0.75,0.8125,0.875,0.9375
155,35cdacac01f1af798c903bb928f30115a8a589a068941d4003c656e6f78358fa,top,sa1 y[6],41,57,74,False,8192,1.0,1.0,1.0,False,True,1,1,1,1.0,1.0,0.9375,0.9375,0.9375,1.0,1.0
156,fcdcd41ebda64b5969bc67b393e89f95e1d1c616c84a7dc682d7ef3782dee402,fa,sa0 n4,3,2,3,True,8,0.5,0.5,0.9375,False,False,1,0,1,1.0,0.375,0.8125,0.875,1.0,1.0,0.9375
157,5b72a38f92af8022fcee2fa3edeb8d0dd37f2cf7b4c44cd7a1430feeab4efa33,top,sa1 y[2],53,45,86,False,8192,1.0,1.0,1.0,False,True,1,1,1,1.0,1.0,0.5625,0.9375,1.0,0.9375,1.0
158,8351c349246599fa6ebd0e37e1d75d7bcfa5da488bbfbfb68ee25370ccd75939,qkv_macro_handler_unit_add_21sx17u_22s_4,sa1 n5,38,22,69,False,8192,0.9393310546875,0.9393310546875,0.9999864522934698,False,False,1,0,1,1.0,0.875,0.8125,0.875,0.9375,0.875,1.0
159,ffd95e02c5db880d06326572ec469530754e2c2dd244c51becd1d0214d33550d,adder_4,sa1 n10,17,5,14,False,8192,0.6617431640625,0.6617431640625,0.9869085928881949,False,False,0,1,1,1.0,0.5625,0.5,0.875,1.0,0.9375,0.9375
160,d07b711c21dd53b3123a7f536788400548a0a590fd09dccbd7e8b39e7d5f6300,bin2bcd_5b,sa1 bcd[7],5,16,27,True,32,1.0,1.0,1.0,False,True,1,1,1,1.0,1.0,1.0,1.0,1.0,0.9375,1.0
161,6a99e63414b5fd13d1d210b0617996a4953b7949365a7b6d20d0939b6991032c,increment_pc,sa1 n33,66,32,77,False,8192,1.0,1.0,1.0,False,False,1,0,1,1.0,1.0,0.875,0.9375,0.875,0.875,1.0
162,3f67374e161b1fb3f2f2a2d25bb9da890f029988dddc1d6497fe31cb6fd0e766,top,sa0 n61,39,46,78,False,8192,0.5999755859375,0.5999755859375,0.9743937494277721,False,False,1,1,1,1.0,0.5,0.375,0.8125,0.875,0.75,0.9375
163,469e07a4d2c41f920fa289bed5f6efc4ec21b527387ee51284c558442507ccec,control,sa0 extop,14,23,65,True,16384,0.96875,0.96875,0.9999990463256836,False,True,1,1,1,1.0,0.875,0.6875,1.0,1.0,0.9375,1.0
164,9b41bc9fd3262ed8e61bf395717b5b35a31703dbb117b0093b3388998093a3da,control_unit,sa1 o_mem_write,35,18,65,False,8192,0.97607421875,0.97607421875,0.9999996723090021,False,True,1,1,1,1.0,0.875,1.0,1.0,1.0,1.0,1.0
165,d4bf1fcb716e307fbccb8ef666c85d0ff618aca8fb74cfe59dfdf3bca088ff4c,bcd_to_cathode,sa0 n37,4,7,25,True,16,0.6875,0.875,0.9904632568359375,False,False,0,0,0,0.9375,0.75,0.5,0.6875,0.9375,0.9375,1.0
166,dca1da1093915604b7e231924f7e67badef61e9f0886c19bc887881b062a71a3,cpld_rs485,sa0 n34,16,17,36,True,65536,0.25,0.25,0.68359375,False,False,1,0,1,1.0,0.0625,0.3125,0.6875,0.8125,0.875,0.5625
167,285ff0e7b8525391227789c07dbeaa83e999b089100437831d8d875f842bf567,cu,sa1 iow,9,16,62,True,512,0.998046875,0.998046875,0.9999999999854481,False,True,1,1,1,1.0,1.0,1.0,1.0,1.0,1.0,1.0
168,6f81e173944145992c6e3c731eca491be133e9d2cca37a95bcf3a306a5492b93,npc,sa1 n35,32,32,74,False,8192,1.0,1.0,1.0,False,False,1,0,1,1.0,1.0,1.0,1.0,0.9375,0.9375,1.0
169,a5ed9024cf75f333eba984f72bed649d84003d5386f8df51366d6a0f125d8952,binary2bcd_double_dabble,sa1 packed_bcd[5],8,24,63,True,256,0.53125,0.53125,0.9517202377319336,False,True,1,1,1,1.0,0.5625,0.4375,1.0,0.9375,0.875,0.875
170,d534e6515018e1b70ed702f99e8a79d278b92589c258c3a168af641e3d9b54d2,mux2n1_16bit,sa1 sel,33,16,17,False,8192,0.499267578125,0.4993896484375,0.9371329836137043,True,False,0,0,0,0.75,0.5625,0.875,1.0,1.0,1.0,1.0
171,644381cf3019cf8f432df6b95940eb1036332a0df43514f57b96793fc64ea226,imem,sa1 n75,6,32,82,True,64,0.65625,0.875,0.9860372543334961,False,False,0,0,0,0.6875,0.5625,0.75,0.9375,1.0,0.9375,1.0
172,2f6f72c4aa8760db17d940d787c825fb9ca7178acbcf77dfb57f6ad2cef06769,cc,sa1 po15,21,20,34,False,8192,0.8616943359375,0.8616943359375,0.999634102143826,False,True,1,1,1,1.0,0.6875,0.625,1.0,1.0,1.0,1.0
173,cd38b5f1e8691e505674d44ad8f0ba4633d06d931e72a92e1e44cd213bde9672,qkt_macro_handler_hub_add_32s_17_1,sa0 n26,32,32,77,False,8192,1.0,1.0,1.0,False,False,1,0,1,1.0,1.0,0.875,0.9375,1.0,0.875,1.0
174,12c0bdd688fb63795ec6e7571ac828a18bdd36d653dfd42815d85e2d313a18af,bm_design,sa0 n179,8,8,79,True,256,0.75,0.75,0.99609375,False,False,1,0,1,1.0,0.9375,0.625,0.9375,0.9375,0.875,1.0
175,2f1e244bb544d56d449314a23d2736cc4141c786ab8cb04e5fbfe93ed2999738,seg7dec,sa0 hex[6],6,14,67,True,64,0.296875,0.296875,0.7555837035179138,False,True,1,0,1,1.0,0.5,0.375,0.5625,0.8125,0.8125,0.75
176,649787b5dea2d3825a24a142e2f3062f2ae7dd184af1a2f48ba1179a44d4f860,aq_vdsp_8_bit_ff1,sa1 n18,8,7,21,True,256,0.0234375,0.046875,0.09050529822707176,False,False,0,1,1,1.0,0.0,0.0,0.0,0.125,0.1875,0.0625
177,9b2a45e9b8cc6c56fb89ca9ac56f5d5920436d423530159f4c31872d8b37804c,minsum,sa1 n104,12,6,66,True,4096,0.515380859375,0.515380859375,0.9448427947945639,False,False,1,1,1,1.0,0.5625,0.4375,0.875,0.9375,1.0,0.75
178,79fb8418da33a095b2859b4a625f4151db63d4c5ace42904f63587acd51583e6,x2,sa1 pi9,10,7,22,True,1024,0.41796875,0.5,0.885241407668218,True,False,1,0,1,1.0,0.3125,1.0,1.0,1.0,1.0,0.8125
179,dd0433b3afa2f29e2be0d96c05bd44e0a42dc6ab2e1ab41eae49f0b6824925c1,forwarding,sa1 n63,22,4,41,False,8192,0.0142822265625,0.432861328125,0.05591662593615232,False,False,0,0,0,0.0,0.0,0.0,0.0,0.0,0.125,0.0
180,d6974236493b1218296468ea52f4995ee74df7e97aa43a997ba0589285378802,top,sa1 n60,59,50,75,False,8192,0.254150390625,0.50146484375,0.690539611483242,False,False,0,0,0,0.375,0.3125,0.1875,0.4375,0.75,0.8125,0.6875
181,2fa22cef7cd00bec5cac905e9bae1e825fe7db6e90f3bc900a5d192e2aff3d9c,binary2hex,sa0 z,4,7,25,True,16,0.5,0.5,0.9375,True,False,0,1,1,1.0,0.4375,0.9375,1.0,0.9375,1.0,0.9375
182,efc24a9431373f0328ffa69468cf5143e5ba403d76a821e7bd4c795e91720472,top,sa1 n61,32,54,102,False,8192,0.861083984375,0.8721923828125,0.9996276003417925,False,False,0,1,1,1.0,0.8125,0.875,1.0,1.0,0.9375,1.0
183,64131799105c3304121e6291f4349ab348980f7f2d90d35f308a074753366a6f,qkt_macro_handler_unit_add_32s_102_4,sa0 n26,32,32,77,False,8192,1.0,1.0,1.0,False,False,1,0,1,1.0,1.0,0.9375,0.875,0.8125,0.8125,1.0
184,b194ca4ea73b33a8325bc8a5c565715ce030f2ecef0eab63caeb422657abb809,mdmux,sa0 n2,65,32,33,False,8192,0.493896484375,0.493896484375,0.9343919066978934,False,False,0,0,0,0.75,0.5,0.375,0.4375,0.8125,1.0,1.0
185,45bd5d5293c70a4d6505296ca418684d7231eff389eb3d0c7309b6813b5eb957,uopcodefpudecoder,sa0 n103,9,18,72,True,512,0.921875,0.96875,0.9999627470970154,False,False,1,1,1,1.0,0.9375,0.875,1.0,1.0,1.0,1.0
186,59214fce95ce9c6473e4cb26f5df1469c78239a2208d29b6dddcd5bc1cc07887,dec7seg,sa1 n33,4,7,23,True,16,0.875,0.875,0.999755859375,False,False,1,1,1,1.0,0.875,0.9375,1.0,1.0,1.0,1.0
187,939aeab1ce74f987662a2f2267b88c06f153c059e700898797dc261b4668b457,adder,sa0 n24,32,32,74,False,8192,1.0,1.0,1.0,False,False,1,0,1,1.0,1.0,0.9375,0.875,1.0,1.0,1.0
188,1ee6b5909fffce06c9767133319975fc00f98fa9f4fd7ae793bc64a00a5f0ca3,partsel_00157,sa1 y[98],144,128,131,False,8192,1.0,1.0,1.0,False,True,1,1,1,1.0,1.0,0.9375,1.0,1.0,1.0,1.0
189,b96ec3b6bd5b2019c528152df49879520957cf711274687f492755d614401067,hazardunit,sa0 n60,21,1,34,False,8192,0.046630859375,0.501220703125,0.1738776705196834,False,False,0,0,0,0.1875,0.125,0.0,0.0,0.125,0.125,0.1875
190,c00130e19580cd783569baae67cccdaafaf886959f19ca4bb95562099b23e4dc,hazard_detection,sa1 n38,16,3,25,True,65536,0.28955078125,0.90869140625,0.7452394580577106,False,False,0,0,0,0.375,0.25,0.4375,0.625,0.9375,0.875,0.9375
191,0ad1f85b2d1d09a62674a226a9a0c1a32c96028f0b9969a3227cbbfd2a992766,alu_cu,sa0 n67,12,5,40,True,4096,0.123291015625,0.986328125,0.409225381196503,False,False,0,0,0,0.25,0.1875,0.0,0.0625,0.25,0.3125,0.3125
192,044c9a46690ff718cce598e1f12f9baafe659d12008f3227948a37ee60692649,ctrl_best_speed,sa1 po00,7,26,67,True,128,0.71875,0.71875,0.9937429428100586,False,True,1,0,1,1.0,0.6875,0.8125,0.875,1.0,0.9375,1.0
193,94f6b3b604e5f46eb561aee648f86fd33e213cceacc2a866addb34b348aafef3,zero_extender,sa0 num_in[5],16,32,33,True,65536,0.5,0.5,0.9375,True,False,0,1,1,1.0,0.4375,0.5625,0.75,0.8125,1.0,0.9375
194,13fb9b274679843c02595bc1366fdfec2221d8fa19af1756b4c47809749c56ad,parityfds,sa1 pi09,16,1,8,True,65536,0.5,0.5,0.9375,True,False,1,0,1,1.0,0.5,1.0,1.0,1.0,1.0,0.8125
195,f776f9fd4878ab5abd2b767d0b9b00a7ef8388d7d3fec7aeb2fb1c19e833a3e3,c432,sa1 n104,36,7,72,False,8192,0.1019287109375,0.726318359375,0.3495060680689155,False,False,1,0,1,1.0,0.0625,0.0,0.0625,0.125,0.3125,0.5
196,0004fc29a8e33f83f4ea7f94e06af01d3df858967c74ad296aafb41e13b85547,top,sa1 y[7],32,60,89,False,8192,1.0,1.0,1.0,False,True,1,1,1,1.0,1.0,1.0,1.0,1.0,1.0,1.0
197,d9263ab34f168324c1be59cdfbd04e6bb029ce73f5126a12952d328f387db94f,demux,sa1 y2,3,4,6,True,8,0.875,0.875,0.999755859375,False,True,1,1,1,1.0,0.9375,0.8125,0.9375,1.0,1.0,1.0
198,e6d77fec325ee2bf54d153b8943ebd412856016d34caf798b4fe8cb260408202,wideexpr_00975,sa0 y[101],80,128,158,False,8192,1.0,1.0,1.0,False,True,1,1,1,1.0,1.0,0.8125,1.0,1.0,0.9375,1.0
199,658f7837f05df7bdaef92b431da3b1ca02c74e1e201ff416375680d62c6ec97b,top_module,sa1 out,4,2,2,True,16,0.5625,0.5625,0.9633636474609375,False,True,1,0,1,1.0,0.5,0.5625,0.6875,1.0,1.0,0.9375
200,fa7c4c1f126e10c12e02107423c5205ef21ca34142cfd5be4fd11504bf7f37a5,neg,sa0 n46,32,32,90,False,8192,0.9970703125,0.9970703125,0.9999999999263309,False,False,0,1,1,1.0,1.0,0.8125,0.875,0.9375,0.9375,1.0
201,7c2f759e859ddebd166f015f5ad35bd39ae407bda8290efaa9f7827a1a390c64,top,sa1 y[37],62,40,75,False,8192,0.9937744140625,0.9937744140625,0.9999999984978236,False,True,1,1,1,1.0,1.0,0.8125,0.875,0.9375,1.0,1.0
202,1cffdbf26ae86c4d59eca955eb3d8d38589009c521332dccda22cabbd2c69609,cordic,sa0 n40,23,2,24,False,8192,0.4249267578125,0.9443359375,0.890631402626475,False,False,0,0,0,0.6875,0.4375,0.3125,0.6875,0.8125,0.9375,0.875
203,8c5e20b09122f50d559113052823cba7cad3e67fcbfb7fc5385a0633ed822974,oct7seg,sa0 n11,3,7,11,True,8,0.125,0.25,0.413818359375,False,False,0,1,1,1.0,0.25,0.125,0.1875,0.375,0.5,0.375
204,73d6dbf9783ccd1ab354f5babb9fdbbc6083ed91b9a9bfe5ac8e9d9607a4e2d3,look,sa0 cin,9,5,12,True,512,0.5,0.5,0.9375,True,False,0,1,1,1.0,0.6875,0.9375,1.0,1.0,1.0,1.0
205,3dc64e23dba82515ed93f2018d25f5aef3e17d48c18a3c6597f8c20fc6f8b51f,duc,sa0 n52,18,16,73,False,8192,0.9949951171875,0.9949951171875,0.999999999372555,False,False,1,1,1,1.0,1.0,0.8125,0.9375,0.9375,0.9375,1.0
206,188aba41cca740673dda595d67f81071cc0666f9a4b6f864b34e66b4225f273d,rv_branch_test,sa0 n51,67,1,27,False,8192,0.504638671875,0.753173828125,0.939787259182534,False,False,0,0,0,0.875,0.5,0.75,0.875,0.875,1.0,1.0
207,df7a1a9bbbeb03e6a0caab53acad0533a110727621fe888f35823ee31fb4f0ba,seven_seg_decoder,sa0 n31,4,7,24,True,16,0.875,0.9375,0.999755859375,False,False,1,1,1,1.0,0.9375,0.8125,1.0,1.0,1.0,1.0
208,44f9c8dd4c5f9c5219ad1fb19768c01c64f6d584e4d99c019e635c957026ea56,qkt_macro_handler_unit_add_26sx17u_27s_1,sa0 n9,43,27,82,False,8192,0.511474609375,0.511474609375,0.9430428090079168,False,False,0,1,1,1.0,0.5,0.5,0.625,0.8125,0.625,0.9375
209,76d66de76fce35d3be6fb3d41cee298c66b4f302d1a152d4022cc3331151ac6b,final_adder_2,sa1 n140,64,32,93,False,8192,0.495849609375,0.495849609375,0.9353988227901446,False,False,0,1,1,1.0,0.5625,0.5625,0.8125,0.9375,0.875,1.0
210,74e176d1e1617da2607d66aefe252ffe65fc9f0410e3ebbec7171f2c31073380,hexto7segment,sa1 n33,4,7,23,True,16,0.875,0.875,0.999755859375,False,False,1,1,1,1.0,0.9375,0.75,1.0,1.0,1.0,1.0
211,27210a440fa79f15dd13695acaafc50e1557ca653bac1ced5602ca0fa4d502fc,top,sa1 x6,27,14,39,False,8192,0.505859375,0.505859375,0.9403785902395612,True,False,1,0,1,1.0,0.4375,0.75,1.0,1.0,1.0,1.0
212,9aec0438705bcc89c9a0ebc7c592344e1275942552b512014cdd1984fd374125,expadd,sa1 n64,40,18,51,False,8192,0.801513671875,0.858642578125,0.9984478903806426,False,False,1,1,1,1.0,0.75,0.6875,0.8125,1.0,1.0,1.0
213,13865160baeeaa15234fd63838ef475bf6ecf0d5d126e18cc93e0868042ac6a6,hazraddetect,sa0 n38,16,1,24,True,65536,0.46923828125,0.95361328125,0.9206406015582047,False,False,0,0,0,0.6875,0.4375,0.4375,0.8125,1.0,1.0,1.0
214,f7a590f4d394caa5f080553604469348cfecb52861ca36d6cdb5b9900ccd4b8b,decodificador,sa1 catodo2[5],9,32,70,True,512,0.5,0.5,0.9375,False,True,1,0,1,1.0,0.375,0.5625,0.8125,0.9375,0.875,0.9375
215,e9477866914eed5fdf373d11500cf61a0888a1158559b718859185f9829e644c,sct,sa0 pi04,19,15,39,False,8192,0.5059814453125,0.5059814453125,0.9404374828487361,True,False,0,1,1,1.0,0.5625,1.0,1.0,1.0,1.0,0.875
216,5d2ec4d31a1bc603f73e66a2a106f1c8c78f75aee422580e796b157cf4b33ffc,se_handler,sa1 se_11[5],16,80,84,True,65536,0.5,0.5,0.9375,False,True,1,0,1,1.0,0.6875,0.25,0.6875,0.9375,0.875,0.9375
217,2f9a38510c19d9a97d73497fca32b0f6ef5b78afcbb0b96da7943a0ebdc77539,hex2seg,sa0 n32,4,7,24,True,16,0.3125,0.625,0.7765960693359375,False,False,0,0,0,0.125,0.0,0.375,0.6875,0.8125,0.75,0.625
218,768264edeba52e7dcbfda4a384f13d04c44abcbbd5c280c30621448da8fdd04b,n_bit_magnitude_comparator,sa1 n30,8,3,21,True,256,0.09375,0.25,0.3254842758178711,False,False,1,1,1,1.0,0.125,0.375,0.75,0.875,0.9375,0.5
219,153a182faf8c7924c828820fdcee2be7c0a47f9e51e247570151661f621cebc8,crc16_d16,sa0 n65,32,16,51,False,8192,0.5052490234375,0.5052490234375,0.9400834718338336,False,False,0,0,0,0.75,0.4375,0.5,0.625,0.875,0.9375,0.9375
220,280120de34d355adce9f288a58a8254bea56f45f6c52b1a5e11efe8e9a82539d,wideexpr_00942,sa1 y_3,80,128,174,False,8192,0.8475341796875,0.8475341796875,0.999459631556675,False,False,0,1,1,1.0,0.9375,0.8125,0.875,1.0,1.0,1.0
221,73c7f8571ab45a621a68983d35f37618ab10a4c388fba52d9f4cfbd54b402212,encoder,sa1 in3,16,4,24,True,65536,0.0001220703125,0.5,0.0004881918503085725,True,False,1,0,1,1.0,0.0,0.4375,0.625,0.9375,0.9375,0.0
222,49c777bb83b0435602042954e6a19c086ae088c13d2c5c2fae2cd30c89a67ab7,decoder,sa1 c6,6,13,25,True,64,0.875,0.875,0.999755859375,False,True,1,1,1,1.0,0.8125,0.8125,1.0,1.0,1.0,1.0
223,84bdbf2f6719e2412cc2687a6aec6cb146e43349bd89a11b4c0f5992cdf9184c,instructionmemory,sa0 address[3],32,32,72,False,8192,0.021728515625,0.4991455078125,0.08412210384369345,True,False,0,0,0,0.0,0.0,0.0625,0.0,0.125,0.0625,0.0
224,231a60964c3e52a283e84988953e11d540b613be5684527156ea369a0f230818,obj4,sa1 co,3,2,3,True,8,0.5,0.5,0.9375,False,True,1,0,1,1.0,0.5,0.75,0.9375,1.0,1.0,0.9375
225,c5bf966d9823bd55d1af187895525f70f5202e83e8b7ec1f88a92c19de54ae88,qkt_macro_handler_unit_add_32sx1u_32s_1,sa1 n23,33,32,78,False,8192,1.0,1.0,1.0,False,False,1,0,1,1.0,1.0,1.0,1.0,0.9375,1.0,1.0
226,466574ec3ce9e3e014b60fa1c54c58ad27830fe9d91ca8097c88a3a5aedaff32,cp,sa0 n33,5,32,50,True,32,0.875,0.875,0.999755859375,False,False,1,1,1,1.0,0.625,0.9375,1.0,1.0,1.0,1.0
227,2ff8696b6d97b0977060bd752614a6e7a3a815f887fa8b2361ce33eae436839c,equals,sa1 n81,64,1,54,False,8192,0.0,0.509765625,0.0,False,False,1,1,1,1.0,0.0,0.5,0.625,0.75,0.8125,0.0
228,3b9d0c5cde7142364fa600f56c1608795b880caecd7f9102929629b58f4f12ff,shifter,sa0 lr,6,5,8,True,64,0.46875,0.5,0.9203481674194336,True,False,0,1,1,1.0,0.5625,0.875,0.9375,1.0,1.0,0.9375
229,d434247591b8e7d27d0a59bc45eb61006a442b33b8d240dc0b01ece2528ca2a3,mux3to1,sa1 n38,98,32,37,False,8192,0.4986572265625,0.4989013671875,0.9368259038750926,False,False,0,0,0,0.75,0.5625,0.1875,0.375,0.6875,0.5,1.0
230,f0790f74b96fa4d09c2354c84564c5dd5b637c1f201d87dcb29804f0c98d42af,display,sa1 n53,23,12,41,False,8192,0.3145751953125,0.4993896484375,0.7792812297058018,False,False,1,0,1,1.0,0.25,0.375,0.4375,0.625,0.75,0.6875
231,3b03b42d32e96f80734aeb27a4707573bf869ee21b53fefd4eb8004e1699fab8,hmux4way16,sa1 n89,66,16,54,False,8192,0.7442626953125,0.75341796875,0.9957226347711836,False,False,0,0,0,0.9375,0.6875,0.25,0.875,0.75,0.8125,1.0
232,6423d28796d8bd10bcdf9cf048677cb42df52e8cce26b4e7d18b80ba447d1c99,top,sa1 wire4[0],69,63,102,False,8192,0.5050048828125,0.5050048828125,0.9399651182339921,True,False,1,0,1,1.0,0.625,0.1875,0.3125,0.4375,0.6875,1.0
233,2a8640eef654ed3ddc17a24ecfc940f287f25e857476957115a3f846e9bdec25,forward_unit,sa0 n10,7,1,6,True,128,0.0625,0.5,0.2275238037109375,False,False,0,0,0,0.1875,0.0625,0.0625,0.125,0.3125,0.5,0.125
234,3f961ddd9fa6d6c55e1ab1f279aeb5edd3cb17a12537daba80b1a05a08492c31,fix_hpf_table,sa0 hpf_b1[5],3,64,73,True,8,0.375,0.375,0.847412109375,False,True,0,0,0,0.6875,0.5,0.5625,0.625,0.875,0.75,0.8125
235,c14a070e7d1389b312ac337de3ffa7a76b159824680a74633ad4d86f2e68602c,wideexpr_00388,sa1 y[91],80,128,140,False,8192,1.0,1.0,1.0,False,True,1,1,1,1.0,1.0,0.875,0.9375,1.0,0.9375,1.0
236,7b103f21fbcff659480e9c87c8221cf3fead3ca5a0d186bc3be0e09695b8d52a,controller,sa0 n46,20,13,44,False,8192,0.9915771484375,0.9915771484375,0.9999999949668881,False,False,1,1,1,1.0,1.0,1.0,1.0,1.0,1.0,1.0
237,22622efbd9101a0b974edeb6049bfb1df6bd036d50b3d87d0f6bed05a651c86d,m21,sa0 s,17,8,9,False,8192,0.505859375,0.507080078125,0.9403785902395612,True,False,0,0,0,0.75,0.5,0.75,1.0,1.0,1.0,1.0
238,73060e5f642e611c0234800481abc03fdacec4c139fb10b9c123816840dc18f1,wideexpr_00455,sa0 y[3],80,128,155,False,8192,1.0,1.0,1.0,False,True,1,1,1,1.0,1.0,0.9375,1.0,0.875,1.0,1.0
239,f64bcd5644f8071e2db1fc9114bd9397be6c3a683393b8cb6506fd682566d114,basicgates_dataflow,sa0 y_xor,2,7,7,True,4,0.5,0.5,0.9375,False,True,0,0,0,0.875,0.625,0.375,0.6875,0.875,0.875,1.0
240,7b8e495ec1a62e03abf5b92ec845572f3d90f767d8da8c8de80df3ce10f6998a,top,sa0 wire4[10],66,70,91,False,8192,0.0001220703125,0.4971923828125,0.0004881918503085725,True,False,0,0,0,0.0,0.0,0.0,0.0,0.0,0.0,0.0
241,561a823fa1004a4adbbb6371472ac3a6f6b353635f9442e98b82ca0915a4116b,alu_control,sa1 n11,6,3,8,True,64,0.484375,0.5,0.929313600063324,False,False,0,1,1,1.0,0.5625,0.375,0.625,0.875,1.0,0.9375
242,c2c4aff3da18d1e938f13dedb96fdbc5cc3418342744c99ea1139db33593daf8,debugger_microcode,sa0 d_ron,8,19,42,True,256,0.93359375,0.93359375,0.9999805537518114,False,True,1,1,1,1.0,0.9375,0.75,0.9375,1.0,1.0,1.0
243,045653af6115a912e460478c53a1618884766afc5ed6ae7b4457de361971355d,ccarrylookahead_16_16_16_inoutt,sa0 pa15,33,17,48,False,8192,0.4954833984375,0.4954833984375,0.9352109149935506,True,False,0,1,1,1.0,0.5,0.875,1.0,1.0,1.0,0.9375
244,84bd38ca5946140e5a6dc3e8c3a1f6d282ec9889a6ae082fb0f029c260b1bea2,mux,sa0 sel,65,32,33,False,8192,0.4990234375,0.4990234375,0.9370102863749707,True,False,0,0,0,0.75,0.5,0.75,1.0,1.0,1.0,0.8125
245,383df90cb7ae5a41a52a4580fd130c22a74efd315caf48a8711d4e66e778eef6,top,sa1 n101,53,38,95,False,8192,0.380126953125,0.8748779296875,0.852357628770104,False,False,0,0,0,0.5625,0.5,0.3125,0.4375,0.9375,0.8125,1.0
246,11b6f13e5611dfd89ef4aa3db9da6b9212cac6365d4e7e05b033b8a061c7d3e1,ippcrc_crc12_40b,sa0 n132,52,12,79,False,8192,0.5035400390625,0.5035400390625,0.9392513102860212,False,False,0,1,1,1.0,0.4375,0.4375,0.75,0.75,0.4375,0.9375
247,02fdbd1ce33fe40172d4ea1f70989bffa91d628ac85762db99c61c71dd34d461,top,sa0 n66,54,59,94,False,8192,0.9962158203125,1.0,0.9999999997949371,False,False,1,0,1,1.0,1.0,0.9375,0.9375,1.0,1.0,1.0
248,75b0046400063378eceb538c7786fde5e154d6e9c401995160e844abe1c12fc8,top,sa1 y[51],49,58,69,False,8192,0.500732421875,0.500732421875,0.9378654070603112,False,True,1,0,1,1.0,0.3125,0.5625,0.6875,0.9375,0.9375,0.8125
249,07f5bae02b7683e798d55b01a44cbd69a1c3f7ba059193f6d6de186a5dca053c,cmp,sa1 n60,66,1,56,False,8192,0.0,0.4854736328125,0.0,False,False,0,0,0,0.0,0.0,0.0,0.0625,0.1875,0.25,0.0
250,93142e737673bfec288d38c83af67bd4b68870550af12f76f2e706cfeb5d1dd3,conditional_mux,sa1 i0,3,1,2,True,8,0.25,0.5,0.68359375,True,False,1,0,1,1.0,0.125,0.625,0.5625,0.9375,0.75,0.5625
251,b8957597c717a1a9cbb0a5db17f00850c78348d8e7cc1ab940a46ccc25c92f1e,step_id,sa0 rdy_sub_,10,11,38,True,1024,0.998046875,0.998046875,0.9999999999854481,False,True,1,1,1,1.0,1.0,1.0,1.0,1.0,1.0,1.0
252,3bb68d37da47b7afb11df788fd8b1e5dc699f609add9ca7f346ebd4a651de5ac,debug_interface,sa0 n24,17,8,19,False,8192,0.2349853515625,0.2528076171875,0.6574854663681184,False,False,0,0,0,0.4375,0.125,0.4375,0.875,0.9375,0.875,0.5
253,f2970c2cb20c2962fdcf2464ebb274efdcd3999de27b6af047dd180d98e500bf,id_cr,sa0 n43,13,27,44,True,8192,0.4996337890625,0.999267578125,0.9373166932673305,False,False,0,0,0,0.875,0.5625,0.625,0.8125,0.875,1.0,1.0
254,2ea790508c9f4bb1e64cf2a6940f0dffb65ecd16a1e76657e4813d25dbaa1fba,top,sa0 n43,78,59,89,False,8192,0.9833984375,0.999755859375,0.999999924038093,False,False,0,1,1,1.0,1.0,0.9375,0.9375,0.9375,1.0,1.0
255,9ca9b28b6f6a6ecf75c455cc8854766d7c3a352f5341748a11d8b2659502ea31,or_gate,sa0 y,2,1,1,True,4,0.75,0.75,0.99609375,False,True,0,1,1,1.0,0.6875,0.875,1.0,1.0,1.0,0.9375
256,7dd7b8724d9f5376c0958ad82e8c7673646afa46ce50961ca257e88971f2a06b,cla_adder_32_bit,sa1 n191,65,33,96,False,8192,0.5069580078125,0.5069580078125,0.9409070544814779,False,False,0,1,1,1.0,0.4375,0.625,0.875,1.0,1.0,0.875
257,b1ad24fc5582597bea950898d65e2e3eeb938e258d73928cc2a2186066c9dc2a,top,sa0 x0,11,6,15,True,2048,0.5,0.5,0.9375,True,False,0,1,1,1.0,0.625,1.0,1.0,1.0,0.9375,1.0
258,9bb11db6393ffb5e0896c98edd9e4779dd69dfa64572a263082f82f1f2512ab9,controller,sa1 ld_ac,7,9,19,True,128,0.9375,0.9375,0.9999847412109375,False,True,1,1,1,1.0,0.875,1.0,1.0,1.0,1.0,1.0
259,404d60beca796fb81c72c918cde6aeada8e91e4bb2e8d6d8ccbbdc590c22db4e,ram_io_mux,sa1 ram_or_io_wr,69,34,39,False,8192,0.0604248046875,0.496826171875,0.22066142747290463,True,False,0,0,0,0.0,0.0,0.625,0.625,0.6875,0.6875,0.1875
260,182630dd3f4580ceb1c6357116ae3da4a84ad04b7f7ff1e6ab43f1bc3732ac2d,add_pc_4,sa0 n26,32,32,74,False,8192,1.0,1.0,1.0,False,False,1,0,1,1.0,1.0,1.0,1.0,1.0,1.0,1.0
261,2bf200336dc5005b847f257af363fa1c2e5f85ade473d5c60da181e354e196f0,immgen,sa0 n58,32,32,68,False,8192,0.9639892578125,0.9827880859375,0.9999983183783525,False,False,0,1,1,1.0,1.0,0.9375,1.0,1.0,1.0,1.0
262,f4312ab10e13ff5cc76fa97b1cc7727217d76409ac23ce77edfafd3ee07187d6,top,sa1 cin,9,5,12,True,512,0.5,0.5,0.9375,True,False,1,0,1,1.0,0.5625,1.0,1.0,1.0,1.0,1.0
263,04cb0e52e5c09fd7f57163957a1e86708d7b26909025c235508937342989dd51,qkt_macro_handler_unit_leftshift_64u_94_4,sa0 n32,6,64,87,True,64,0.875,0.875,0.999755859375,False,False,1,1,1,1.0,0.9375,0.75,0.9375,0.9375,0.9375,1.0
264,3b9eb4016ef634c6da9916291eac9bd8de3b2c32417837a0084946ee21c5f5f7,display,sa0 n43,6,8,35,True,64,0.375,0.875,0.847412109375,False,False,0,0,0,0.5625,0.375,0.5,0.8125,0.8125,0.9375,0.75
265,3b22107170aaa83b1dd95b888d198b04827ec1ab453c30caee192e4c7b14dd23,imm_ext_multi,sa1 n16,27,32,42,False,8192,0.47998046875,0.488525390625,0.926872854381088,False,False,0,0,0,0.75,0.5625,0.375,0.8125,0.875,0.75,1.0
266,dc4fa616c0b54fae6071f8296346b7a95f02da574f54e30ed9f671bc1f016b8f,attenuation_ay,sa1 out[6],5,15,17,True,32,1.0,1.0,1.0,False,True,1,1,1,1.0,1.0,1.0,1.0,1.0,1.0,1.0
267,b4a904f22be56a9fb3cfea48d9e5cf31a4cdb087830a23151a4c0bd54da1c617,seven_seg_decoder_enable,sa1 n24,5,7,29,True,32,0.4375,0.875,0.8998870849609375,False,False,0,1,1,1.0,0.5,0.8125,0.9375,1.0,1.0,1.0
268,dabc861084baeda845774dcb9db9f2bd1fec829953ed1d3510178b83b4e6e925,alucontrol,sa1 n34,10,4,26,True,1024,0.017578125,0.3125,0.06848018754681107,False,False,0,1,1,1.0,0.0,0.0625,0.0625,0.1875,0.25,0.125
269,e5b2654d66f4042880b5828ee4b82bc65e165bcee70dc0a61bcc08bcf497d48b,mst_2_2,sa0 n94,24,8,49,False,8192,0.107177734375,0.504638671875,0.36458121547672917,False,False,1,0,1,1.0,0.0,0.25,0.5,0.75,0.5,0.25
270,d56e1928b2b5639c09ca5e638846a08a434d5d31372724b8fc5720cdb4b65e0b,ceillog2e,sa1 n49,21,4,27,False,8192,0.9320068359375,0.9320068359375,0.9999786272204536,False,False,0,1,1,1.0,1.0,0.625,0.9375,1.0,1.0,1.0
271,1439f9aaaa0826ccf1a3888456251a56bd919151692403f0a739c3c3c4e66ddb,top,sa0 f0_pad,17,8,9,False,8192,0.50048828125,0.50048828125,0.9377437832299051,False,True,0,1,1,1.0,0.5625,1.0,1.0,1.0,1.0,0.9375
272,8fb8ce8038844874a2097401119f868678393797449a18f3a90fd64f5ac7eb47,decoder3to8,sa1 out2,3,8,12,True,8,0.875,0.875,0.999755859375,False,True,1,1,1,1.0,1.0,0.8125,0.9375,1.0,1.0,1.0
273,6ea03ad964fd9dd293bf11fc33d61c95ab3d08ac61147e2f550b82dd21abaca4,ahbrom,sa1 romaddr[3],71,49,52,False,8192,0.492431640625,0.492431640625,0.9336290299038374,False,True,1,0,1,1.0,0.4375,0.5,0.8125,1.0,1.0,0.9375
274,12365792d503fcdc244e5f4c562b567b4426cfe38667a90de1ccbe4c66eaddd6,lcd_driver,sa1 n23,14,9,27,True,16384,0.0625,0.5,0.2275238037109375,False,False,0,1,1,1.0,0.0,0.0625,0.125,0.375,0.5,0.0625
275,c45b5cf6b3bd96664bd08f145db0724a1baead3f5c98fa967105d6b0b4bd69d2,extend,sa0 unsignimm32[15],17,64,65,False,8192,0.4927978515625,0.4927978515625,0.9338203695130323,False,True,0,1,1,1.0,0.4375,0.25,0.5,0.75,0.75,0.9375
276,123b08f1d93e01339860e023d989172574a8f04255c31f6be6d4326014af3c98,decoder,sa1 alusrc_o,6,11,25,True,64,0.953125,0.953125,0.9999951720237732,False,True,1,1,1,1.0,1.0,0.875,1.0,1.0,1.0,1.0
277,2a79640e6be3623e5dd044d54018a59a797e756b9985b774a1a267cbcb4f6864,parity,sa0 d,4,1,2,True,16,0.5,0.5,0.9375,True,False,0,1,1,1.0,0.6875,1.0,1.0,1.0,1.0,0.9375
278,52b8e15d875202f00e7cf6782c4b689e5a621b8d464471697d799bd63f685a7b,eco32_core_idu_r0t,sa1 o_addr[4],36,10,59,False,8192,0.58154296875,0.58154296875,0.9693377882521759,False,True,1,0,1,1.0,0.6875,0.375,0.75,0.9375,0.875,0.9375
279,449d98cdcabd4bce8af6ac72083109bbfe1b1ea52f862da8edca7b09cbdfa4ee,qkt_macro_handler_unit_add_27sx17u_28s_1,sa0 n13,44,28,84,False,8192,0.993408203125,0.993408203125,0.9999999981119423,False,False,1,0,1,1.0,1.0,0.8125,1.0,0.9375,0.8125,1.0
280,71e1c127cdad78f8dfb99c5a960dc121111123d51ce48a1adb2720c9bbe6a81f,circuit_b,sa1 a1,4,3,5,True,16,0.375,0.5,0.847412109375,True,False,1,0,1,1.0,0.25,0.625,1.0,1.0,1.0,0.6875
281,121ebb3d5926356d3a3de1489c0f355250d7613590a0f4255081013e7a70e7da,wideexpr_00419,sa1 y[88],80,128,170,False,8192,1.0,1.0,1.0,False,True,1,1,1,1.0,1.0,0.6875,0.9375,1.0,0.9375,1.0
282,10a63bfb7ef5aecb2a6f1c4ef59b57221a3a543ae27c88f1f0044693999bfdc0,immediategenerator,sa0 n43,16,16,55,True,65536,0.1875,0.375,0.5641937255859375,False,False,0,0,0,0.3125,0.25,0.3125,0.25,0.6875,0.5,0.625
283,e6c28e421a17f903eceb39c7c4a923f831631c62651073e6eff80d6af3fb4155,shl2_32,sa0 d_out[31],32,32,33,False,8192,0.4986572265625,0.4986572265625,0.9368259038750926,False,True,0,1,1,1.0,0.5,0.5625,0.75,0.9375,1.0,0.8125
284,cf78edcab4e2342c6d2c310c9c2896d41f64b1e2a400efc16d5b296efacaea7c,wideexpr_00261,sa1 y[95],80,128,147,False,8192,0.7452392578125,0.7452392578125,0.9957875959491458,False,True,0,1,1,1.0,0.75,0.5625,0.8125,0.9375,1.0,1.0
285,769617595c6d5f76412332a1fd7056b8129ad37f8745e2fd419861a96fd8a304,qkt_macro_handler_unit_equal_1u_90_4,sa1 out1,6,1,3,True,64,0.984375,0.984375,0.9999999403953552,False,True,1,1,1,1.0,0.9375,0.9375,1.0,1.0,1.0,1.0
286,6d1d9e551e1ab394d48f6f828dfafa94f07487a7c8a787fcdb94807d2bcd12ea,binary_to_bcd,sa0 n85,8,12,62,True,256,0.703125,0.8125,0.9922322630882263,False,False,1,1,1,1.0,0.6875,0.6875,0.875,0.8125,0.875,1.0
287,dc942b434a32982e0138112c32c6d4491924d146966dcb4250489e81d81a06e4,cpa,sa0 n165,64,34,98,False,8192,0.498779296875,0.498779296875,0.9368874096231217,False,False,1,0,1,1.0,0.4375,0.5,0.6875,0.875,0.8125,0.875
288,13717c2bc392fb8a3e10b0e82b61cbcc81330ec7b87cae5666e168d7d8d78e39,forwarding_control,sa1 forward_d,32,6,57,False,8192,0.986572265625,0.986572265625,0.9999999674904494,False,True,1,0,1,1.0,0.9375,0.8125,1.0,0.9375,0.875,1.0
289,0c0784dcbd1adf59470988145217a24a7b6c5ea7a7729d0cf3a214cf487509d6,shift1,sa0 data_o[25],32,32,33,False,8192,0.5101318359375,0.5101318359375,0.9424140064306774,False,True,0,1,1,1.0,0.5625,0.8125,0.9375,1.0,0.9375,0.9375
290,481afa798f73a78816e1f984540ba1212a446d2c098d755fcd5cb4a75d670739,adderfds,sa0 pi03,33,17,48,False,8192,0.5001220703125,0.5001220703125,0.937561012808146,True,False,0,1,1,1.0,0.5,0.9375,0.9375,0.9375,1.0,0.9375
291,e4fc1a561730fd4f39a258dffe48047ac0868d54305a00571dbd9f74be67a876,user_module_341497971083313748,sa1 out[3],8,8,20,True,256,0.99609375,0.99609375,0.9999999997671694,False,True,1,0,1,1.0,1.0,1.0,1.0,1.0,1.0,1.0
292,b4db8fb56cd74d03a6cca3a401a244684f1b50e27c2d93c52960d01aa70176f9,controller,sa0 n48,12,16,43,True,4096,0.875,0.890625,0.999755859375,False,False,1,1,1,1.0,0.75,0.625,0.875,1.0,0.9375,1.0
293,00fa5cd7fa492184099349a9e3f721ea1f8f0e5d874c6323ecc273e14f3582f5,bcd7segdec,sa0 ledr[2],4,18,31,True,16,0.5,0.5,0.9375,False,True,0,1,1,1.0,0.5625,0.25,0.625,0.8125,0.9375,1.0
294,93bc22037c759e35f4474a5d2625495d6290591a3fc268c1ba480ca44286a1d2,instructionmemory,sa0 address[4],32,32,76,False,8192,0.0384521484375,0.505859375,0.14516241769243599,True,False,0,0,0,0.0,0.0,0.0625,0.125,0.25,0.4375,0.3125
295,3296966250eae2535e5248fdb78455ddff939749b0a07b62a5f5e5b374644552,frg1,sa1 n116,28,3,59,False,8192,0.0306396484375,0.49462890625,0.11704004063276208,False,False,0,0,0,0.0,0.0,0.0,0.0,0.0,0.0625,0.125
296,0765d1b32a06b1a4197e3942b12456e890ed29fdf3b6b2d0bad0811be199919a,partsel_00028,sa1 y_3,144,128,143,False,8192,0.3665771484375,0.3665771484375,0.8390188934727438,False,False,0,1,1,1.0,0.375,0.5625,0.625,1.0,0.9375,0.875
297,e6df9f23f5312e3b7bad7d13367d58521837dfbf2696e64577f833f52c44e5a4,e2bcd3,sa1 n62,10,8,44,True,1024,0.5,0.5,0.9375,False,False,0,1,1,1.0,0.625,0.625,0.625,1.0,0.875,0.9375
298,51ce8638935f2be8bdc007b3588092fc4330cd2addc77ba735d7462d4f5a9bc1,parallelshifter,sa0 n67,12,8,67,True,4096,0.09375,0.5,0.3254842758178711,False,False,0,0,0,0.1875,0.125,0.125,0.3125,0.0625,0.3125,0.3125
299,b34e496a3724613f5ab9ee77519ad7911cdaced40c0fafb847fd3a4ece003b29,demultiplexer,sa0 in,4,8,13,True,16,0.5,0.5,0.9375,True,False,0,1,1,1.0,0.625,1.0,1.0,1.0,1.0,0.875
300,4bde01cef7b5e66fb3df258e76dc6565952dbd49bab9fe970490afd1e23a4589,d_cmp,sa1 n108,68,1,56,False,8192,0.1842041015625,0.74755859375,0.5570792058085805,False,False,0,0,0,0.125,0.0625,0.125,0.125,0.375,0.25,0.5
301,d96b4ba6eb276e732ef5c3369c5fb290219890a71ca135eb676e39113dd24aab,zero_detect,sa1 y,36,1,12,False,8192,1.0,1.0,1.0,False,True,0,1,1,1.0,1.0,0.6875,1.0,0.9375,1.0,1.0
302,5afa16158972f6e5a674b703e11a7b941046575a10f8d772aa6c77c60e793df9,ct_rtu_compare_iid,sa1 n34,14,1,23,True,16384,0.341796875,0.578125,0.8123105941194808,False,False,0,0,0,0.4375,0.3125,0.1875,0.125,0.4375,0.375,0.75
303,3343c605238cab1c3d335b5fdcf85c9a6ab50efb29012fb8c7ed390ae23ccd88,select_encode_logic,sa1 in_write,38,6,17,False,8192,0.499267578125,0.499267578125,0.9371329836137043,True,False,1,0,1,1.0,0.5,0.9375,0.875,0.75,0.875,0.9375
304,5db16ffae1ad5c69fa46ac1f532e0716d94a234341b7b0474ebaa404e554b59f,compare_two_8bit_buses,sa1 N0,16,1,18,True,65536,0.99609375,0.99609375,0.9999999997671694,False,False,0,0,0,1.0,1.0,0.125,0.4375,0.875,0.6875,1.0
305,8462c7dccaab62c188fc03dbe481511cc6434832b84acdc9c105ae47a4329373,uart_num2ascii,sa0 ascii[2],8,8,15,True,256,0.9765625,0.9765625,0.9999996982514858,False,True,0,1,1,1.0,1.0,0.75,1.0,1.0,1.0,1.0
306,712f0ac6ce9ca93e832cfe469a4db7340486407b859669fa3c0bbbf6c023229c,mixcolumn1row,sa1 n15,32,8,19,False,8192,0.498046875,0.498046875,0.9365177005383885,False,False,0,1,1,1.0,0.375,0.5625,0.625,0.875,0.9375,1.0
307,a7137569af6c8bdeadc628f5e88956059f30fff82ed434151125b4e85d20345b,char_box,sa1 n71,44,12,44,False,8192,0.9996337890625,1.0,0.999999999999982,False,False,1,0,1,1.0,1.0,1.0,1.0,1.0,1.0,1.0
308,72dd64bcc9f7855046a097e024b0ac893c875d4bdc32bf53311b968356a91e45,decoder_5bit,sa1 n25,5,32,49,True,32,0.5,0.5,0.9375,False,False,0,1,1,1.0,0.5,0.3125,0.5,0.875,0.8125,1.0
309,7fa1f10b19b50202ef094f2eedaff10190d01e75d12f56d17ec8fd2b4d11882d,forwarding_unit,sa0 n56,24,6,47,False,8192,0.0091552734375,0.0133056640625,0.03612124207869605,False,False,0,0,0,0.125,0.125,0.0625,0.0625,0.0625,0.0,0.125
310,3182d433826c77da769df1cb563061e454b8a309cbb69304d3a8a055d6b3fa7f,conditionchecker,sa1 out,8,1,21,True,256,0.5,0.5,0.9375,False,True,1,1,1,1.0,0.375,0.25,0.625,0.9375,0.875,0.875
311,e84bd6a9b71e94c702f270cdaec400da14ad3b3023f31053bdd0a72766a80232,top,sa1 y[12],58,33,38,False,8192,1.0,1.0,1.0,False,True,1,1,1,1.0,1.0,1.0,1.0,1.0,1.0,1.0
312,d5894cf3a74cc6d2cab1d764d33d4a6666963d24c807b6692c7ea7ff6227586a,mux,sa1 n44,34,8,30,False,8192,0.2440185546875,0.2440185546875,0.6733786680511711,False,False,0,0,0,0.3125,0.25,0.375,0.1875,0.75,0.625,0.625
313,54ce060d75d042368fe8113685bffd665bdaf62f64bc5d185a38903617a01841,instructionmemory,sa0 instruction[18],32,32,70,False,8192,0.0164794921875,0.0164794921875,0.06430635460541345,False,True,1,0,1,1.0,0.0,0.25,0.625,0.6875,0.8125,0.0
314,b236c214d6c4363514f39c1626b39b095e4082e88d959820e421dad37fe86f39,adder_carry_95_amisha,sa0 n11,8,5,11,True,256,0.75,0.75,0.99609375,False,False,1,0,1,1.0,0.8125,0.9375,0.9375,1.0,1.0,1.0
315,e1a9f9209f4081ca82a9a78b6e6950fd571259f606796f40975fce0b11b8a2ed,array_multiplier,sa1 n8,7,7,33,True,128,0.375,0.9375,0.847412109375,False,False,0,0,0,0.6875,0.5625,0.625,0.75,0.875,1.0,0.8125
316,1400426de1c7725716ec72f564f954bf500ce32c6ad30757e63226f4e46549d9,mux_5s_1b,sa0 n66,37,1,35,False,8192,0.123779296875,0.499267578125,0.4105404048801198,False,False,0,0,0,0.125,0.125,0.0,0.0625,0.5,0.5,0.375
317,8ab45cf0aee7123ea2a2f5f20e3523e9ce377fe111c83aeba8b294e8aa443670,adder4,sa0 n16,32,32,74,False,8192,0.99755859375,0.99755859375,0.9999999999644729,False,False,1,0,1,1.0,1.0,1.0,0.9375,0.9375,0.875,1.0
318,36aa61d6127fb9b9477748304251c5386ab8ccad49421c9c64b2a9f884d105bc,controlunit,sa1 jump,6,11,23,True,64,0.984375,0.984375,0.9999999403953552,False,True,1,1,1,1.0,1.0,0.9375,1.0,1.0,1.0,1.0
319,d724b61a79b58739fe528d2f352336b970fbe1266e8263b98d2d0e453e64a6d2,top,sa1 n45,25,18,66,False,8192,0.5003662109375,0.5013427734375,0.9376829044012813,False,False,0,1,1,1.0,0.4375,0.25,0.75,0.75,0.875,1.0
320,6f3e3e5df93c4b0bc29fa57fe0d22ebc7bc6e26816c43eb10d47830a59526977,constants,sa0 N20,64,32,60,False,8192,0.7525634765625,0.7525634765625,0.9962515198081012,False,False,0,1,1,1.0,0.875,0.5625,0.875,1.0,1.0,1.0
321,7c061f6a747be351c7e885750eadd67410d11f657c63d7624113523f75d09dd0,controlunit,sa1 branch,5,8,13,True,32,0.0,0.0,0.0,False,True,0,0,0,0.0,0.0,0.0,0.0,0.0,0.0,0.0
322,432720ba71875dedeee76193914a1eb79ea9fc9ce82c00a386511839f61159f0,top,sa1 y[45],76,57,60,False,8192,1.0,1.0,1.0,False,True,1,1,1,1.0,1.0,0.875,0.9375,0.9375,0.875,1.0
323,847f6588b2bae3ba1382ed875abc1ad8a48dc201ed71ef39ce7f5ac30862a4a2,jump_or_branch,sa0 pcsrc,66,33,34,False,8192,0.7506103515625,0.7506103515625,0.996131757501505,False,True,0,1,1,1.0,0.5,0.9375,1.0,1.0,1.0,1.0
324,0b31939971ca39649fc67659c485471ada9f84583a1209a63dfcca936815efc2,interfaceesp,sa0 n9,10,7,16,True,1024,0.998046875,0.998046875,0.9999999999854481,False,False,1,1,1,1.0,1.0,0.9375,1.0,1.0,1.0,1.0
325,3d27c792328233515cc161d260574ebf0c84a7c31194ba6036568643228b5910,shiftleft,sa1 shift_output[6],32,32,33,False,8192,0.5003662109375,0.5003662109375,0.9376829044012813,False,True,1,0,1,1.0,0.625,0.5625,0.625,0.9375,0.75,1.0
326,004f572b94d2efa4907ba002cf3c1f52aac1afcd8e6be172952390b4d045d406,decoder_3b,sa0 n11,6,8,16,True,64,0.3125,0.5,0.7765960693359375,False,False,1,0,1,1.0,0.25,0.5625,0.9375,1.0,1.0,0.6875
327,6e2a7701c9cb31035b04b4e32793cc1aa1217fc009935cfabccf297e917b72a6,sd_radix10,sa1 n20,5,6,16,True,32,0.5,0.5,0.9375,False,False,0,0,0,0.5,0.375,0.75,0.8125,1.0,1.0,1.0
328,9045e0e12119ff1a82260dba15410b6d40c0469f18705442d2dcd4408c540f89,fa_st_1,sa0 s,3,2,3,True,8,0.5,0.5,0.9375,False,True,0,1,1,1.0,0.375,0.375,0.5625,0.875,0.875,0.9375
329,233b82cbb5d54d4c918f0504930b032f183b46fa3e3db3c8dae0e9936947a5e0,alu_decoder,sa0 n11,19,3,8,False,8192,0.6533203125,0.8729248046875,0.9855551317295976,False,False,1,1,1,1.0,0.5,0.8125,1.0,1.0,1.0,0.9375
330,d82f9ada8f5e3209082fd93577505531c68a5c3600d7c887bc79a96f201991a8,demux1to2,sa1 n38,33,64,97,False,8192,0.50390625,0.50390625,0.9394303557928652,False,False,0,1,1,1.0,0.625,0.5625,0.8125,1.0,1.0,0.9375
331,ee176de14de5ee1a22c475bbaf9fc408e17b043cee26c46d0924d05f1f616c68,sevensegdecwithen,sa1 n49,6,11,31,True,64,0.4375,0.75,0.8998870849609375,False,False,1,1,1,1.0,0.25,0.6875,0.9375,1.0,1.0,0.875
332,99acb09fe1a9ccd33cf7384846d54a603ad6142985db72628340e3ebbfc1a2b9,full_adder,sa0 sum,3,2,3,True,8,0.5,0.5,0.9375,False,True,0,1,1,1.0,0.625,0.6875,0.8125,1.0,0.9375,0.875
333,d95c7de35aaac19bed3dfa678c82ea7763cc28ae09ebde612c4e3e2737439fef,forwardunit,sa1 N1,22,4,44,False,8192,0.9837646484375,0.9837646484375,0.999999930522083,False,False,1,0,1,1.0,1.0,0.6875,1.0,1.0,1.0,1.0
334,ee5c68729f23f9efb8b376154f6572d180641d072b167dac6bbfee96e7330993,zvn,sa1 n,97,3,16,False,8192,0.5032958984375,0.5032958984375,0.9391317262873178,False,True,1,0,1,1.0,0.75,0.75,1.0,1.0,0.9375,1.0
335,8fb5558f95f12492874c16287ce6f50b3e6baaa7ddd7fa6b32601a5ab3cdffac,qkv_macro_handler_unit_sub_32sx1u_32s_1,sa0 n31,33,32,79,False,8192,0.9998779296875,0.9998779296875,0.9999999999999998,False,False,1,1,1,1.0,1.0,1.0,0.9375,1.0,1.0,1.0
336,cc66b480ad73724f75b79dbd10a04eb0d1cd0728ba12847258ce69925aae842a,id_forward,sa1 N3,19,2,21,False,8192,0.9881591796875,0.9881591796875,0.9999999803425508,False,False,1,0,1,1.0,1.0,1.0,1.0,1.0,1.0,1.0
337,1229c779b346474d7ec05998f99dd1f3b7a7d637df54fb5e3aee6a745d045767,hamming_decoder,sa0 ham_data_encoder_3,7,8,14,True,128,0.5,0.5,0.9375,False,False,0,1,1,1.0,0.5,0.375,0.6875,1.0,1.0,0.875
338,2755a75590107308e36faa3444aac9020f84477c2e46fe33ac59c3b9d6fdac8b,binaryrepr,sa0 io_fdiv2[1],28,81,84,False,8192,0.50439453125,0.50439453125,0.9396684671282287,False,True,0,1,1,1.0,0.375,0.4375,0.6875,0.5625,0.8125,0.8125
339,cbe1a0e2ed6ebbb46645abf09d4d1a383c466270764ad4c9ff38a5c51afaf95c,bcd_decoder,sa0 n60,12,21,73,True,4096,0.25,0.5,0.68359375,False,False,1,0,1,1.0,0.25,0.3125,0.5,0.75,1.0,0.625
340,a0bee12f7039b85a746e0b7a12f0a3e2eecebab0f925898aafc8d2be655c81e3,cpu_io_switch_matrix,sa0 opb_o3,40,44,45,False,8192,0.4989013671875,0.4989013671875,0.9369488704491216,True,False,0,1,1,1.0,0.4375,0.75,1.0,0.8125,0.9375,1.0
341,58e549194e361484cd43142d987acf32b93a994dfbaa30504cb2f22e7e4ae848,cfdecode,sa0 i_case_latch,15,6,17,True,32768,0.0953369140625,0.5,0.33019639826786906,True,False,0,1,1,1.0,0.0,0.125,0.4375,0.75,0.6875,0.1875
342,a9887a4ab7b9f3108589f4f71ab022319a3e6cf6d8fc42d33e232de9e4710a8d,control,sa0 n46,34,18,48,False,8192,0.9029541015625,0.9324951171875,0.9999113030389741,False,False,0,1,1,1.0,0.8125,0.75,0.875,0.9375,1.0,1.0
343,30c11110a2aad400abf8c00013fa584c102b70134a7c9899dc2690a5636f06eb,mux2_1n16,sa1 n2,33,16,17,False,8192,0.4962158203125,0.50146484375,0.9355863215482996,False,False,0,0,0,0.625,0.4375,0.1875,0.5625,0.8125,0.875,1.0
344,be79dbf1ed55af9416a4320fa76f1505f6dbd34cf65dc3b6e7a6f1281ea5bdb5,top,sa0 x9,21,11,30,False,8192,0.5037841796875,0.5037841796875,0.9393707179938529,True,False,0,1,1,1.0,0.5,0.9375,1.0,1.0,1.0,1.0
345,376ec53badec1e5a04d89091ca8eec525e7db64a07aebabe528444389f0bf6a6,hd,sa0 n104,28,1,57,False,8192,0.924560546875,0.973876953125,0.9999676112545863,False,False,0,1,1,1.0,1.0,0.8125,1.0,0.875,0.9375,1.0
346,62da2197324ecbb17307b2a286fa35afe66fb086a2eaa1c8e6e2af655ac3af37,recfntorecfn_1,sa0 io_out[56],37,70,83,False,8192,0.490478515625,0.490478515625,0.9326015351863326,False,True,0,1,1,1.0,0.4375,0.75,0.75,0.9375,0.9375,1.0
347,c4c3b29926d892dd3eacf63fdd35592fdf798f9966c6b0a390b6b47165b1338f,partsel_00285,sa1 y[84],144,128,143,False,8192,1.0,1.0,1.0,False,True,1,1,1,1.0,1.0,0.8125,0.9375,0.9375,0.9375,1.0
348,4bd32db79c558c14312a4349e529f09963ce0bb62d280d6a494fa2358e8b1230,decoder,sa0 n30,5,32,49,True,32,0.75,0.75,0.99609375,False,False,0,1,1,1.0,0.875,0.5625,0.9375,1.0,0.875,1.0
349,8181812968ab4a7b1380e48404981120d31c20c227f3836893bf040c15720983,databus,sa1 n45,27,8,27,False,8192,0.2452392578125,0.2459716796875,0.6754831800946659,False,False,1,0,1,1.0,0.3125,0.4375,0.75,0.9375,0.6875,0.875
350,3102c3495836069070b7e341cdc3098dea1f0c2895bd18c7de3554dc12b17187,mux_3_1,sa1 n8,11,3,6,True,2048,0.43359375,0.75,0.8970770684536546,False,False,0,0,0,0.625,0.5,0.4375,0.3125,0.875,0.875,0.875
351,da9b1e0d9bd78734bef31060c3c6e9287df8383aa97b35510abd1edfc7723b82,crossbar_4x4_4bit,sa0 n38,21,16,45,False,8192,0.506591796875,0.506591796875,0.9407312917210753,False,False,1,0,1,1.0,0.5625,0.625,0.875,1.0,1.0,1.0
352,a92536d1494e5b4b65fdee6f706e59fcec606dd21d2184f5434c3f452293912d,guia_0404,sa0 n15,4,5,13,True,16,0.5,0.5,0.9375,False,False,1,0,1,1.0,0.375,0.3125,0.5625,0.875,0.9375,0.9375
353,97cac9d6a3aeafc70ad0463590833fc27fe2774690bcd02d4f3e9a0f9991b664,qkv_macro_handler_unit_add_28sx17u_29s_1,sa0 n10,45,29,87,False,8192,0.5076904296875,0.5076904296875,0.9412574069484092,False,False,0,1,1,1.0,0.3125,0.3125,0.5625,0.5625,0.6875,0.875
354,d2f5f2ca74110191e849456be766a3b1cceabc0c1fca49f1217e5cdffdaa81b6,hex_display,sa0 n45,4,7,27,True,16,0.5,0.5,0.9375,False,False,1,0,1,1.0,0.6875,0.75,0.8125,0.9375,1.0,0.9375
355,10a8aee462d0624796edb0b6683d32e28e8975721550e94ee136b1edbb423151,top,sa0 wire3[0],55,27,41,False,8192,0.486083984375,0.50048828125,0.9302460816230642,True,False,0,1,1,1.0,0.3125,1.0,1.0,1.0,0.9375,1.0
356,6a638dff6acce6f5b94c519fdc3a83b821cf674f2c78eafd71a85018445da4ed,forwarding_control_unit,sa1 n70,18,4,40,False,8192,0.8255615234375,0.9385986328125,0.9990740892195793,False,False,1,0,1,1.0,0.875,0.75,0.9375,1.0,1.0,1.0
357,1fcfd69036c1982293d9b36803735bd5768076fb92ad36bf1f7f6f33d5b065fc,mux6to1_8bit,sa1 n67,51,8,41,False,8192,0.8104248046875,0.870849609375,0.9987084059122109,False,False,0,1,1,1.0,0.9375,0.375,0.5625,0.875,0.9375,1.0
358,044ebad1f0ca863fe6746b3a39d77bfc0445ac14dfcf1d6243d3a87f31dd868b,qkv_macro_handler_unit_add_32s_109_1,sa0 n30,32,32,77,False,8192,1.0,1.0,1.0,False,False,1,0,1,1.0,1.0,0.625,0.9375,0.9375,1.0,1.0
359,ebb0cc083276813ade4c9e23a330ff5ed987e389865ae79476d3bde4d7c9e5f0,eight_bit_carry_look_ahead_adder,sa1 p_m,17,10,20,False,8192,0.995361328125,0.995361328125,0.9999999995370068,False,True,1,0,1,1.0,1.0,0.5625,0.75,1.0,1.0,1.0
360,52e7b188df36535588b434a11cd84922fb4cfc014d86cfac84b90a3de698620d,var8_multi,sa1 n5,8,1,4,True,256,0.02734375,0.875,0.10497013456188142,False,False,0,1,1,1.0,0.0,0.0625,0.0,0.125,0.1875,0.0
361,38d95c871e942e924c086bbe0367aa61f4a76d35cb68e38e2d27686b46b23417,qkt_macro_handler_hub_add_6ux1u_7u_1,sa1 n13,7,7,15,True,128,0.96875,0.96875,0.9999990463256836,False,False,1,0,1,1.0,0.875,0.875,1.0,1.0,1.0,1.0
362,8eb2958744cfca1dd3777f06eef110171cfb9ea163bc797e2f159591e1165f1f,comp,sa1 n66,16,3,31,True,65536,0.033203125,0.5625,0.1263430183607852,False,False,1,1,1,1.0,0.0625,0.8125,0.8125,1.0,1.0,0.0625
363,9265ae0f85d67b38ede8f7092a5d071c758972cfd11f465cbe23b58b5cdf8551,n_bit_comparator,sa1 n55,16,3,27,True,65536,0.126953125,0.5,0.4190346263203537,False,False,0,1,1,1.0,0.0,0.375,0.6875,0.9375,1.0,0.1875
364,07d6dbcda45e2a1cc64b957b74ba31c40356074185f4d44ce2470c3b28029ed9,decod_gray,sa1 n21,4,14,25,True,16,0.625,0.75,0.980224609375,False,False,1,1,1,1.0,0.625,0.6875,0.75,1.0,1.0,0.9375
365,1e095a9eccc00cebfedb573f0ea108ab06aa51deb546315c2feb375ea03b2bd3,muxd,sa1 n13,26,8,11,False,8192,0.6795654296875,0.751708984375,0.9894571638646423,False,False,0,0,0,0.9375,0.875,0.6875,0.8125,0.875,0.9375,0.9375
366,f00d108bff930c2fe2520f2af4d074d999dfee78ee9680a03a2f649d63931b99,abs,sa1 data_in[1],32,32,32,False,8192,0.5068359375,0.5068359375,0.9408485103913335,True,False,1,0,1,1.0,0.5625,0.5625,0.6875,1.0,1.0,1.0
367,856d7f7ea47ab5689ace7ff77674500755392f35ef33dede191da5b509f7bc9e,top,sa0 wire1[0],27,43,55,False,8192,0.4901123046875,0.4901123046875,0.9324075596364734,True,False,0,1,1,1.0,0.5,0.5625,0.6875,0.8125,0.875,0.9375
368,c6fea5227b327e0b5a57167da56c9a83f01b9df438eaaf9d199b9d002cb32e57,alu_32add,sa1 n166,65,33,96,False,8192,0.259765625,0.5018310546875,0.6997541619784897,False,False,0,0,0,0.375,0.25,0.0625,0.5,0.8125,0.4375,0.5625
369,09e76a9e78eb4fcc3fbfbd24cbf7b87402fd57cf54e1d93e466f9e09f6461531,top,sa1 y_8,39,79,128,False,8192,1.0,1.0,1.0,False,False,1,1,1,1.0,1.0,0.875,0.9375,0.875,0.8125,1.0
370,1773c4cf2e52db15a3f383f8f6df2b4455cd2cc7e953afcf2523a094ee4d9ddc,controller,sa1 mem_write_en,12,11,33,True,4096,0.984375,0.984375,0.9999999403953552,False,True,1,1,1,1.0,1.0,1.0,1.0,1.0,1.0,1.0
371,306db964edffe07937b5d1c37d84a0b3f2eb1427737912a6b391c297c8d699fa,displaymodule,sa1 n42,4,8,28,True,16,0.1875,0.375,0.5641937255859375,False,False,0,0,0,0.375,0.1875,0.1875,0.25,0.6875,0.625,0.4375
372,1169d41a5627b27d4c1630f58e8feecee29de0647c6c241054b02090b8b5614d,i1,sa0 po00,25,16,24,False,8192,0.4951171875,0.4951171875,0.9350225975640569,False,True,0,1,1,1.0,0.375,0.9375,1.0,1.0,1.0,0.875
373,1fc8aecd22e0672b4158b2568e9fc05309da57f32dc13487fa8b8951f276de43,shift32_left7,sa1 q[26],32,32,33,False,8192,0.5013427734375,0.5013427734375,0.9381686869968922,False,True,1,0,1,1.0,0.5,0.75,0.8125,1.0,1.0,1.0
374,d8b96a528a3c3924f2e5ef47accc8a42d0e4e5ccf9b0407a817b34fc4161a1c5,master_slave_select,sa1 m_baudrate,9,4,6,True,512,0.875,0.875,0.999755859375,False,True,1,1,1,1.0,0.9375,0.75,0.8125,1.0,0.9375,1.0
375,706700ccc5cd8dfec68aa21e4c4c4ab2660a9327e4b7c6f9a686a04df8e6839e,ctrl,sa0 n78,17,19,73,False,8192,0.016845703125,0.998291015625,0.06569918742803438,False,False,1,0,1,1.0,0.0625,0.0625,0.125,0.125,0.125,0.0625
376,4c0c66a5b20ccfa850fd96d5dc186eacc79cb1bc6f697bcdbb83a0dbee7db33d,decoder,sa0 sximm8[0],18,47,54,False,8192,0.501953125,0.501953125,0.9384708553407108,False,True,0,1,1,1.0,0.375,0.75,0.9375,1.0,1.0,0.9375
377,795066cf0ec317d0335f8bd09d3b92f3e47d919dde535cd30abd512d38bb9496,qkt_macro_handler_unit_leftshift_64u_94_1,sa0 n30,6,64,87,True,64,0.875,0.875,0.999755859375,False,False,1,1,1,1.0,0.8125,0.875,1.0,1.0,0.9375,1.0
378,d5a3bccd6566d497492278ff4fde3e869684bfe35fcd9c8ee8d51213c621ea7a,snax_req_handler_equal_32ux5u_1u_1,sa0 n33,37,1,19,False,8192,0.0,1.0,0.0,False,False,0,0,0,0.0,0.0,0.125,0.4375,0.5625,0.375,0.0
379,ee1c3c7dbea115deac30676185db6651c775fe8d8e2c3d84bec39feebd1c23e6,control,sa1 memwrite,12,13,20,True,4096,0.75,0.75,0.99609375,False,True,1,0,1,1.0,0.8125,0.5625,1.0,1.0,1.0,1.0
380,606919fe75aae8546361bfdd0f1b5f9ce17055bb5a3c53107270591a38b19147,add_4,sa1 n41,32,32,74,False,8192,0.946044921875,0.946044921875,0.9999915252030256,False,False,1,0,1,1.0,0.875,0.8125,0.875,1.0,0.875,1.0
381,b08a6f6ee52d291c287355ad9b5df4c1bc4c2b27059b923f8ded2d2a78a905c2,paritygenerator,sa1 parity,3,1,1,True,8,0.5,0.5,0.9375,False,True,0,1,1,1.0,0.625,0.4375,0.625,1.0,0.875,1.0
382,f70459a8be60dd40fed134ef9c5371fcbff6e5aea7b33dc6deddb5b31788279c,qkv_macro_handler_hub_add_32sx1u_32s_4,sa0 n5,33,32,78,False,8192,0.50048828125,0.50048828125,0.9377437832299051,False,False,1,0,1,1.0,0.5,0.6875,0.8125,0.875,0.8125,0.875
383,d8a37b0f2643349cb0e8785c3e15d15dfc4839ea369bb494327b43b6971ed6ce,hexdigit,sa1 n41,4,7,26,True,16,0.5,0.5,0.9375,False,False,0,1,1,1.0,0.5,0.4375,0.6875,0.9375,0.875,0.9375
384,9739b64aeec0c62231152e5f94e13ce015433c85630fcae91904447435643656,alucontrol,sa1 n74,10,5,48,True,1024,0.6181640625,0.6875,0.9787427439869134,False,False,1,1,1,1.0,0.625,0.5,0.75,1.0,1.0,1.0
385,eaf8eabab2f26d0e24861aa32b9fb5724675b1dbe0c78efba1a0fb8dbb754a94,qkt_macro_handler_hub_equal_1u_27_4,sa1 out1,6,1,3,True,64,0.984375,0.984375,0.9999999403953552,False,True,1,1,1,1.0,1.0,1.0,1.0,1.0,1.0,1.0
386,7165f1363dde2dfbbf8e91e0326336006cbe96c3d4f65ea2cf3f74611030fe84,seg7,sa1 n25,4,7,19,True,16,0.3125,0.5,0.7765960693359375,False,False,0,0,0,0.5,0.125,0.375,0.5625,0.5,0.25,0.8125
387,37b58ed6eb79dbc75b8992819541b04f13f40e3e28c1aed9df15936503f4c39a,black,sa0 gout,4,2,2,True,16,0.625,0.625,0.980224609375,False,True,0,1,1,1.0,0.75,0.6875,0.875,1.0,1.0,1.0
388,a881c71cadf9e07a45e83ce167e8eeb2e3802d0258582166e4f343fc032f84f9,alu_cr,sa1 n80,12,4,46,True,4096,0.984130859375,0.999755859375,0.9999999365818404,False,False,1,1,1,1.0,1.0,1.0,1.0,1.0,1.0,1.0
389,1c883b0640c1fb1f9fb3978ec4880154d34ab1cf5e356a43bfe6fd868d8c551c,\$paramod\cla\width=s32'00000000000000000000000000011000,sa0 n140,48,25,72,False,8192,0.5045166015625,0.5045166015625,0.9397278851051316,False,False,1,0,1,1.0,0.25,0.5,0.8125,0.9375,0.9375,0.875
390,95846e10fbd110a0567779b11289a71d5fe0044ebdcd616cb23aa23f5ac33378,segdriver_passcode,sa1 a,4,7,11,True,16,0.8125,0.8125,0.9987640380859375,False,True,1,1,1,1.0,0.875,0.875,1.0,1.0,1.0,1.0
391,caaef15eaa073a42bd7bfbc29673eaecc0d897778952801e417ce4c12368fc60,cmsdk_mcu_addr_decode,sa0 n49,33,10,32,False,8192,0.697998046875,1.0,0.991681615197475,False,False,0,0,0,0.875,0.75,0.5,0.75,1.0,1.0,1.0
392,2ca827ce77e2ae907bb0859e7033a00db2da775af28c69eb42292364efb6e75a,forwarding_unit,sa0 n85,28,5,49,False,8192,0.2371826171875,0.9371337890625,0.6614036094966236,False,False,0,0,0,0.375,0.125,0.375,0.375,0.5,0.5,0.5625
393,7b611aa370a39fed268481c34eb2cc4d47c0dad04f31d464629493e1df782975,qkt_macro_handler_unit_add_32sx12u_32s_1,sa1 n5,44,32,89,False,8192,0.5137939453125,0.5137939453125,0.9441167762902436,False,False,0,1,1,1.0,0.5625,0.1875,0.5,0.625,0.375,0.875
394,c3538ab0bd83d6899661f5aa1691f6d1773b2e0d5edc1738be7291d59df08bbc,c8,sa1 po02,28,18,53,False,8192,0.5006103515625,0.5006103515625,0.9378046174423138,False,True,0,1,1,1.0,0.625,0.1875,0.8125,0.875,0.9375,0.9375
395,56f7b08e89c6946d511817ea31064cc14c6b2e0ce62e4a07c0fad8127a6896b4,top,sa1 n20,4,7,18,True,16,0.4375,0.4375,0.8998870849609375,False,False,1,0,1,1.0,0.5625,0.625,0.75,1.0,0.9375,0.0
396,3c535b1014856255f0ed94131be8eb134bfbc12bc5c72dd2d46e940001632f6b,genhalfwaverectified,sa0 out[2],16,8,9,True,65536,0.25,0.25,0.68359375,False,True,0,0,0,0.375,0.25,0.1875,0.5625,0.6875,0.625,0.9375
397,fdcc1c15264e4f75bb1eaae5b6e0a91ba6416457236377f9843d671c99516607,mux_4_to_1_str,sa0 s0,6,1,4,True,64,0.25,0.5,0.68359375,True,False,0,0,0,0.5,0.3125,0.8125,0.9375,1.0,0.875,0.8125
398,967403d98c3e54049f05de0d4dd47a6b48919034551d0eb7defb38b4876a0ec6,hazard_unit,sa1 o_stall_id,33,8,60,False,8192,0.9368896484375,0.9368896484375,0.9999841363763584,False,True,1,0,1,1.0,0.9375,0.6875,0.9375,1.0,0.875,1.0
399,f38fbf6613c9f1c118f7cebde65297936e17f29565bd65098e09dbaf35f71276,redirect,sa1 lock,28,5,46,False,8192,0.876708984375,0.876708984375,0.9997689394937161,False,True,1,0,1,1.0,0.875,0.375,0.6875,0.6875,0.75,1.0
400,86325c4d555abe5ca2d75727833b76d4e8a4b85ace9528f6ed2d835698166bd2,mux2_1,sa1 enablen,3,1,2,True,8,0.25,0.5,0.68359375,True,False,0,0,0,0.5,0.1875,0.5,0.6875,0.9375,1.0,0.8125
401,4e2d4d3393e9dbecdb64a473af78cc91bf04e37082a443d2e687c0d3cc78bc1a,s_term_single_switch_matrix,sa0 n2begb2,36,37,38,False,8192,0.5047607421875,0.5047607421875,0.939846589382064,False,True,0,1,1,1.0,0.4375,0.625,0.9375,0.875,1.0,1.0
402,57581285779d0e748afb63a945caaec899bda27e1d746ebd94c501909691f72e,array_mult_structural,sa0 n79,8,8,49,True,256,0.8515625,0.8515625,0.9995145164430141,False,False,1,0,1,1.0,1.0,0.8125,1.0,1.0,0.9375,1.0
403,55be5c3fbabaa118be9cbcfa59fe53a7d719942d263c40e46b28203861c4b6aa,control_flow,sa1 n29,16,46,65,True,65536,0.92193603515625,0.9833984375,0.9999628633759841,False,False,1,0,1,1.0,0.8125,0.6875,0.9375,1.0,1.0,1.0
404,387148ec18445e78c5dcc70213e89a98d5a7f31fc0693ce4bed765685cd02f06,forwarding,sa0 n63,22,4,42,False,8192,0.045166015625,0.7476806640625,0.16878863630301666,False,False,0,0,0,0.125,0.0,0.0625,0.125,0.25,0.1875,0.125
405,ce580d84319a5ccff1e2fbd2a879fb6266ce9cc60537649a0e358c5b4235e104,pc_skip,sa1 n18,16,16,35,True,65536,0.96875,0.96875,0.9999990463256836,False,False,1,0,1,1.0,1.0,1.0,1.0,1.0,1.0,1.0
406,f358cd6d35bec9d750992c189d8c670ee89cc312c96ee55317062f0ef0353923,alu_control,sa0 n26,8,4,18,True,256,0.73828125,0.75,0.995308201527223,False,False,1,1,1,1.0,0.75,0.75,1.0,1.0,1.0,1.0
407,c4e5b8d16ed0c245e54c5a1d6b2b3e8e6cb6b1b3343814537c65f88a1d00201a,alu_adder,sa1 n9,32,32,74,False,8192,0.497802734375,0.497802734375,0.936394103983158,False,False,0,1,1,1.0,0.4375,0.5,0.625,0.9375,0.9375,0.9375
408,010cb649c1c0c72b58233712153827f38ebd9f5110621df0d3392a1a1b073e6e,alu1,sa1 n76,12,4,45,True,4096,0.25,0.5,0.68359375,False,False,0,1,1,1.0,0.3125,0.25,0.375,0.4375,0.4375,0.6875
409,6a55fc3849490f76ed0af5722e65ac68d2064cca4b28f950f0097c29c0071408,mux_2x1,sa0 i_sel,65,32,33,False,8192,0.494873046875,0.494873046875,0.9348968247434719,True,False,0,0,0,0.6875,0.3125,0.75,1.0,1.0,1.0,0.75
410,4924909ccddd208d8444fc99aa0a07feb73756586384f8534fa19d699a21dfa3,base_logic,sa1 b_input,2,2,3,True,4,0.5,0.5,0.9375,True,False,1,0,1,1.0,0.3125,1.0,1.0,1.0,1.0,0.875
411,4cff2d74d1cb4087acc5a366d54a30f4d59d67085be8a50057dcad633a9879c5,shifter32_l2,sa0 sh[27],32,32,33,False,8192,0.499267578125,0.499267578125,0.9371329836137043,False,True,0,1,1,1.0,0.5,0.625,0.875,1.0,0.9375,1.0
412,358e6bf74efdbf0745a61b7d610c892821368e2cf77351291e3bc663bad6eff6,model_layer_node_relu,sa0 b[1],32,32,33,False,8192,0.2510986328125,0.2510986328125,0.6854436232428254,False,True,0,0,0,0.4375,0.0625,0.0,0.0625,0.0625,0.1875,0.5625
413,63658ce464b5f542fa4407eac6918cf0eac50a13599ca1935fc4f9eb39f2e1c7,majripplecarryadder_7,sa0 pa5,15,8,21,True,32768,0.5,0.5,0.9375,True,False,0,1,1,1.0,0.6875,1.0,1.0,1.0,1.0,1.0
414,a17d575b8f21e905449c67cd1a8dd765b41eb9b7348da08391ec6b0d41f3e9dd,bcd2seven,sa0 d,4,7,19,True,16,0.625,0.625,0.980224609375,False,True,0,1,1,1.0,0.625,0.625,0.875,0.9375,1.0,1.0
415,84f1eeafe2af23ee50e67a624f0761e58738382de54adb482685b9728d9f0de4,decimaldisplay,sa0 n33,4,7,18,True,16,0.375,0.5,0.847412109375,False,False,1,0,1,1.0,0.3125,0.5,0.875,1.0,1.0,1.0
416,76db5a7b93e077b4131511c23873d8beb915f0cfc8fa740896123cbf1d2941c0,mux8lut_frame_config,sa1 m_ad,14,4,28,True,16384,0.5,0.5,0.9375,False,True,1,0,1,1.0,0.625,0.4375,0.625,1.0,0.8125,1.0
417,0df2427dcad56463e4319cfe1a6038f51d9b6cf2c50bf25d7c191aa7b3c3a01c,e0,sa1 n14,32,32,44,False,8192,0.496826171875,0.496826171875,0.9358979121174649,False,False,0,1,1,1.0,0.6875,0.0625,0.375,0.6875,0.5,1.0
418,15d261ec6a9bc1eec7c81375980b086f9505db4643792ff233dd6b47f7a191d7,setforward,sa1 n33,17,2,21,False,8192,0.016357421875,0.252197265625,0.06384173111717573,False,False,0,0,0,0.0,0.0,0.0625,0.125,0.375,0.4375,0.0
419,bfc65a352d2177a4f15ec98dc915f5d446d8ca532819cc5d051e91e02ed56bad,busencoder,sa0 r15out,24,5,14,False,8192,0.00390625,0.50146484375,0.015533685451373458,True,False,0,0,0,0.0,0.0,0.6875,0.875,0.875,1.0,0.0
420,235deac4a57d1e686eb1a9e506b5309f6ff4c42cd2daf95d0550be0e2c321424,data_hazard,sa1 loaduse_stall,23,5,45,False,8192,0.9708251953125,0.9708251953125,0.9999992755109444,False,True,1,0,1,1.0,1.0,0.8125,1.0,1.0,1.0,1.0
421,eccf39c72771bd52b73747278ef651279404a45f7966a83e162ea0ce65e753d2,voting_rule,sa0 d,3,4,6,True,8,0.5,0.5,0.9375,False,True,0,1,1,1.0,0.4375,0.875,1.0,1.0,1.0,0.875
422,f7baef694729a3ba9fed446c0632789f46f7e1266083eba696e9e143f69f55b6,bcdadder,sa1 n58,17,9,39,False,8192,0.5037841796875,0.5037841796875,0.9393707179938529,False,False,1,0,1,1.0,0.3125,0.375,0.875,0.9375,0.9375,0.9375
423,d41f4df5d02deadd862c55882535b6df767961b58041b031cebbc9fa76a9c7ac,broadcastfilter,sa0 io_response_bits_address[3],80,43,45,False,8192,0.5013427734375,0.5013427734375,0.9381686869968922,False,True,0,1,1,1.0,0.5625,0.375,0.5625,0.8125,0.8125,0.9375
424,8eaf3d92e67cd734d5b2c6c01081cea4a8df836239b0b4440d6d805d4532572f,instmem,sa0 n53,32,32,54,False,8192,0.4019775390625,0.4962158203125,0.8721001652678628,False,False,1,0,1,1.0,0.6875,0.375,0.6875,1.0,1.0,0.875
425,79749b9a8c7d1de92956365a2aaf2dfc2a0115a936f58f3251c83d8d7938ec4d,signextender,sa1 n101,28,64,102,False,8192,0.2569580078125,0.2569580078125,0.6951729996115785,False,False,0,0,0,0.6875,0.5,0.3125,0.3125,0.8125,0.625,0.8125
426,7430eb8b932400f225f7baabbe993d501b2eaba4ce4930b90b7b2dce12162e61,majripplecarryadder_16,sa1 n82,33,17,48,False,8192,0.5076904296875,0.5076904296875,0.9412574069484092,False,False,0,1,1,1.0,0.5,0.5,0.875,0.9375,1.0,0.8125
427,41482fbbb08ae423c8d4e7950b1d15228085d3d60717e1fe306e49dd1c8fe679,cripplecarryadder_5_5_5_inoutt,sa0 n28,11,6,15,True,2048,0.5,0.5,0.9375,False,False,1,0,1,1.0,0.5,0.5,0.875,1.0,1.0,0.875
428,719fec0ad77eae4c8eca38909e71e040324e243574ebdc8aa267e826e08cbc5f,pathdecoder3way,sa0 n24,33,81,100,False,8192,0.9959716796875,0.9959716796875,0.9999999997366726,False,False,1,0,1,1.0,1.0,0.9375,1.0,1.0,1.0,1.0
429,3c6bb968bbf0ccbfe295306a6ea64cede9676ec31ca39406100448dd7d19d975,cu,sa0 n26,5,16,33,True,32,0.46875,0.46875,0.9203481674194336,False,False,1,0,1,1.0,0.3125,0.6875,0.9375,0.9375,0.9375,0.9375
430,5b83e70ac236476c0f603eba15bb39fbc7e0e38a03b5b0f59c91a4121f4bfff7,ttl_74244,sa1 n4,10,8,10,True,1024,0.46875,0.5,0.9203481674194336,False,False,0,1,1,1.0,0.8125,0.5625,0.75,1.0,1.0,1.0
431,94a5f9205defb39f304e66251bdb88c12e0e190e8904e1ede005948cc8d73d68,bcd_to_ssg,sa1 ssd[4],4,8,20,True,16,0.625,0.625,0.980224609375,False,True,1,1,1,1.0,0.5625,0.625,0.9375,1.0,0.9375,0.9375
432,5c833aa7dd7b9b068a7919e634c866fb874cec82ef2ec663f557843239786854,sfr_wr_en,sa1 out,9,4,11,True,512,0.998046875,0.998046875,0.9999999999854481,False,True,1,1,1,1.0,1.0,1.0,1.0,1.0,1.0,1.0
433,c75974ece1a9dc5860d9ee8b61d86a6dd0eb36134f8c6c5829062254aae428cc,top,sa1 y_35,48,53,123,False,8192,0.5556640625,0.5556640625,0.9610196476851343,False,False,1,0,1,1.0,0.6875,0.6875,1.0,1.0,1.0,1.0
434,0b392bc45ea0f1c3e0166e017e6f392cdc6c0d1f28f361759be5a49cb7720cbd,top,sa1 n91,31,16,45,False,8192,0.4959716796875,0.4959716796875,0.9354613677955681,False,False,0,1,1,1.0,0.5,0.625,0.6875,0.8125,0.875,1.0
435,b1ce26a35a66d662ca7320b885a83619ff8892c1758d3639b2f48621c7bd2220,noise_add,sa1 n20,13,8,23,True,8192,0.4375,0.4375,0.8998870849609375,False,False,0,1,1,1.0,0.5,0.4375,0.5625,1.0,0.875,0.9375
436,209526a0daa5926002594737ce75219eb70672f8a8bfaf4605dfbd793d930ca8,bcd_7_seg,sa0 n16,4,7,16,True,16,0.25,0.625,0.68359375,False,False,1,0,1,1.0,0.375,0.1875,0.625,0.8125,0.6875,0.75
437,da800f421851d3e249bad2b91cffe1d4bb399493e9c683712799b483b66d8386,gate,sa0 gatea,129,64,65,False,8192,0.4979248046875,0.4979248046875,0.9364559247984372,True,False,0,0,0,0.8125,0.6875,0.3125,0.625,1.0,1.0,1.0
438,178e1d60dec1ba46b681970ff3d422c76b241654ae8c0dc281f78e291bd95637,colparity_p2,sa1 n33,50,25,35,False,8192,0.494873046875,0.494873046875,0.9348968247434719,False,False,1,0,1,1.0,0.5,0.375,0.75,1.0,0.9375,0.8125
439,ae1a04fa68c9aae25674c441cd118a85d50c8ac62b829c18684c51ef7ee5fd1e,full_adder,sa0 cin,3,2,3,True,8,0.5,0.5,0.9375,True,False,0,1,1,1.0,0.4375,1.0,1.0,1.0,1.0,0.9375
440,78580428a28b8dd22876ab6a0247cc0f7c9b90cec85ee7fd7cc80fcd2f827691,top,sa1 x10,15,8,21,True,32768,0.5,0.5,0.9375,True,False,1,0,1,1.0,0.625,1.0,1.0,1.0,1.0,0.9375
441,c20d08f4edd51ea7decfe09d4f6c9614d4c93d9d1a30275e00c0b25c6e033ef2,p18_border_painter,sa0 vpos[4],19,7,13,False,8192,0.01513671875,0.5068359375,0.059185973492219546,True,False,0,0,0,0.0,0.0,0.125,0.0625,0.1875,0.25,0.0
442,cc02d27862b0c79a88b884726f5febe8dd6153fb1d407f804c7460e5c187ca8f,segdriver_status,sa1 b,1,7,9,True,2,0.5,0.5,0.9375,False,True,0,1,1,1.0,0.6875,0.875,1.0,1.0,1.0,1.0
443,4e912612713b3660923d738a251ac8277f6009de981ed946fdafa79b46518df0,roundanyrawfntorecfn_7,sa0 io_out[64],45,70,87,False,8192,0.117431640625,0.117431640625,0.3932728704826296,False,True,0,0,0,0.25,0.1875,0.1875,0.625,0.6875,0.75,0.4375
444,e1732109556140746ce82ea87840bcbff04f9b117ebedd66e9e3b67e79e63995,binary_bcd_converter,sa1 n50,6,8,51,True,64,0.375,0.375,0.847412109375,False,False,0,1,1,1.0,0.3125,0.5,0.6875,0.875,0.8125,0.875
445,bb610cf4eb7f68bc0329925a4a564e944dc67ef358322febaa5381ae776ee705,jump2shift,sa1 shift_in[23],26,28,29,False,8192,0.4989013671875,0.4989013671875,0.9369488704491216,True,False,1,0,1,1.0,0.375,0.625,0.6875,1.0,1.0,0.9375
446,fed3c3701f2c3ecd6703b8efaaad7f68247e8c08b8285a2cb5986af2692b9736,sl2,sa0 y[19],30,32,33,False,8192,0.50244140625,0.50244140625,0.938711791496587,False,True,0,1,1,1.0,0.625,0.5,0.75,1.0,1.0,0.875
447,0d1c02a0d3ad99077f8fa6aafb65f3d4d3c9151dbacb21a61bf9c3abdaff37fa,rcon,sa1 data_out[31],6,32,38,True,64,1.0,1.0,1.0,False,True,1,1,1,1.0,1.0,1.0,1.0,1.0,0.9375,1.0
448,2ebd6a70d6923c5a06ed16202b388a0e43fe73418e5db12d8af9c4133fb1ffbc,alu_mux,sa0 N5,65,32,65,False,8192,0.4993896484375,0.4993896484375,0.9371942649703191,False,False,0,1,1,1.0,0.625,0.5625,0.8125,1.0,1.0,0.9375
449,073bc73f94b9986490a53e7daf37fa16c54acc1e8380218a87a1f95bac75bfe6,control_unit,sa0 n18,7,11,21,True,128,0.984375,0.984375,0.9999999403953552,False,False,1,1,1,1.0,1.0,0.9375,1.0,1.0,1.0,1.0
450,f715d563f4b1ce5d4c6ae1ac88b1640bbfcdce9740855f99bc34aaec4db8f669,sine_table,sa1 out[6],5,12,60,True,32,0.5,0.5,0.9375,False,True,0,1,1,1.0,0.4375,0.5,0.625,0.875,0.6875,0.75
451,c75eb8fff4740c9d5edc069a9a733135b7bcfb548ec0fc89fc0ba56607be9e1a,qkv_macro_handler_unit_greaterthan_32sx8s_1u_4,sa1 n77,40,1,37,False,8192,1.0,1.0,1.0,False,False,0,1,1,1.0,1.0,0.5625,0.9375,1.0,0.9375,1.0
452,c6440b2877dd093619c25ade417497f13766a8da96826078d2917b2ab7cb3ce0,digitseg,sa1 d_o,4,7,18,True,16,0.8125,0.8125,0.9987640380859375,False,True,1,1,1,1.0,0.75,0.8125,1.0,1.0,1.0,1.0
453,0a8d2dde74d8c9c3ad2363db0a0a69a1e3e36d26a22dd39b28caef39462b3cc3,top_module,sa1 n155,32,8,73,False,8192,0.251708984375,0.468017578125,0.6864678189800735,False,False,0,1,1,1.0,0.0625,0.1875,0.625,0.3125,0.6875,0.625
454,6f23a11b55b31b3d4f44086592a93a87d8eb492562ee176379e3a99205c4e5de,top,sa1 n23,74,45,57,False,8192,0.244140625,0.244140625,0.6735895785823232,False,False,0,1,1,1.0,0.25,0.4375,0.6875,0.875,0.6875,0.6875
455,b89475c6af0b7658bd9b835c84565e607b0cdcdccaf000fb5706fa61349c85cd,wideexpr_00452,sa0 y_73,80,128,169,False,8192,0.7510986328125,0.7510986328125,0.9961619632525964,False,False,1,1,1,1.0,0.9375,0.6875,0.875,0.9375,1.0,1.0
456,dcc4e12a9f4c7ae7299aba980737d4592766c976b67d812ee0390f3f1ad353a2,mux_16,sa1 n29,20,1,18,False,8192,0.252685546875,0.75341796875,0.6881013273585346,False,False,0,0,0,0.625,0.375,0.25,0.4375,0.5625,0.5,0.75
457,a5ee3a2d3a3cdae95e58ed60ed471572d5e2370afa9012c9aa08523700bbdd8f,qkv_macro_handler_unit_lessthan_1u_126_1,sa0 out1,3,1,2,True,8,0.875,0.875,0.999755859375,False,True,1,1,1,1.0,0.8125,0.875,1.0,1.0,1.0,1.0
458,c415cf3fd4c2ace060ed4a787061179d9a5002d39df7174c8c101db090993b33,my_priority_encoder,sa1 n85,32,6,59,False,8192,0.0,0.50830078125,0.0,False,False,0,1,1,1.0,0.0,0.0,0.0,0.3125,0.4375,0.0
459,81ca1993466acb7d0741fa986abdaf85fe8a74af75e32cbf6a46c31a69e3e94f,seven_segment_decoder_behavioral,sa1 n26,4,7,22,True,16,0.5,0.5,0.9375,False,False,0,1,1,1.0,0.5,0.375,0.5625,0.875,0.875,0.875
460,6f27fd3d0909d25116aa6c324fa14cd2136477991cb8f4524bde1cdb872dd8a3,decodificador_2,sa1 codigo_d[3],4,8,23,True,16,0.5,0.5,0.9375,True,False,1,0,1,1.0,0.4375,0.4375,0.8125,1.0,0.9375,0.875
461,10a48a4f4e4d5f02421effb49d88d337281bc149b68872b05919f1c6187c6d1d,xorgate,sa1 b,2,1,1,True,4,0.5,0.5,0.9375,True,False,1,0,1,1.0,0.5,0.875,1.0,1.0,1.0,0.9375
462,32069568ac862fff8aafc86dd86cea1d6a905647834f62e7844c39ae1a5ffb52,top,sa0 x3,21,11,30,False,8192,0.492919921875,0.492919921875,0.933884057352028,True,False,0,1,1,1.0,0.5,0.9375,1.0,1.0,1.0,0.9375
463,19f7712d016867c853b68a2914786d1b6b3329468824a9dc470507bc30e06ad8,equal,sa1 n79,64,1,54,False,8192,0.0,0.4949951171875,0.0,False,False,1,1,1,1.0,0.0,0.0,0.0,0.0625,0.0,0.0
464,5a094ca8ac7b0be6853293207ba03b40ce51de3db28e77411bcb1c14f9f636d4,seven_seg_5,sa0 n81,8,7,46,True,256,0.96875,0.9921875,0.9999990463256836,False,False,0,1,1,1.0,0.9375,1.0,1.0,1.0,1.0,1.0
465,3fbf48e618e9d074221f8aede896800e5dc87afbc5155cfe40a718dcdc210deb,immdecoder,sa1 n37,28,32,58,False,8192,0.80712890625,0.8079833984375,0.9986162151444091,False,False,1,1,1,1.0,0.75,0.5625,0.9375,1.0,0.9375,1.0
466,ff469c8ec6b46e94a190eedfc4dce4e4b248fcffd72439cf2e7fa2f0a96a9065,full_adder,sa1 carry,3,2,3,True,8,0.5,0.5,0.9375,False,True,1,0,1,1.0,0.5625,0.625,0.9375,1.0,1.0,0.875
467,ed7b366752ad6fafaba7a43d8e5dfb425f13dc512a98858db688ea25cccbd023,key_encode,sa1 n33,8,3,27,True,256,0.9921875,0.99609375,0.9999999962747097,False,False,1,1,1,1.0,1.0,0.9375,1.0,1.0,1.0,1.0
468,416a142f12d05d7ebf8eaf7ced3486326f490f41fb973437bcaf2c91ca493e57,pathdecoder2way,sa0 n10,24,39,55,False,8192,0.4970703125,0.4970703125,0.9360222312816404,False,False,1,0,1,1.0,0.625,0.8125,0.9375,1.0,1.0,0.9375
469,c457df38af3ad2c9d2fbbaa3dfe4c905d7322687f6a114e089e35bf5127280a9,qkt_macro_handler_unit_add_26sx17u_27s_4,sa1 n3,43,27,82,False,8192,0.5050048828125,0.5050048828125,0.9399651182339921,False,False,0,1,1,1.0,0.5625,0.4375,0.8125,0.8125,0.6875,1.0
470,9ad8ae957d4212480d1cd458703ef6769e601ef25f23e5f4ac24b26baef8a902,and_gate_5_inputs,sa0 n4,5,1,3,True,32,0.09375,0.75,0.3254842758178711,False,False,0,0,0,0.125,0.0,0.0,0.1875,0.25,0.125,0.375
471,13173554a8d8a10ae9314fb1eb50263e4e7e4a16c1f0f3c02c80ff3e79e4ddac,barrel_bh,sa1 n64,12,8,67,True,4096,0.71875,0.875,0.9937429428100586,False,False,1,1,1,1.0,0.8125,0.875,0.9375,1.0,0.9375,1.0
472,5afcd392ec65dbfb90fbf97e8846fd640babc8dff73440f72f14cec1330c34f3,control,sa1 control_jal,32,17,43,False,8192,0.9921875,0.9921875,0.9999999962747097,False,True,1,1,1,1.0,0.9375,1.0,1.0,1.0,1.0,1.0
473,83a721da05f8f1aacec360017cbff337dec18e606958f5a82313fa0491e188a5,equals15bit,sa1 n31,32,1,27,False,8192,0.0,0.4957275390625,0.0,False,False,1,1,1,1.0,0.0,0.75,0.9375,1.0,1.0,0.0
474,641d73b88416aeda4d543e75d1114d0119d558694f874d59b9cbaeb1a0b5927d,msrv32_img,sa1 n47,28,32,62,False,8192,0.3619384765625,0.504150390625,0.8342512637310795,False,False,0,0,0,0.5,0.4375,0.0,0.0,0.0,0.0,0.0
475,7cad62e1fa9835bfec8bc32e8f90552d2f3acd7a59c8a63a9b35038cc2a3d033,exercicio_05,sa0 n3,16,8,26,True,65536,0.5,0.5,0.9375,False,False,1,0,1,1.0,0.5,0.6875,0.8125,1.0,0.8125,0.9375
476,262dc91b530eb37e1b36891d85359113e59e135aa1ced2e2efe5b52dd4754997,leftshift2,sa0 new[4],32,32,33,False,8192,0.5020751953125,0.5020751953125,0.938531155857717,False,True,0,1,1,1.0,0.5625,0.8125,1.0,1.0,1.0,0.9375
477,915acaab09c618e312a0dfb4a044b0a3094104bcf21ad8b2b6eaf76dca7fc5d7,stall_for_lw_control,sa1 n38,16,3,25,True,65536,0.28955078125,0.90869140625,0.7452394580577106,False,False,0,0,0,0.3125,0.1875,0.3125,0.4375,0.75,0.8125,0.75
478,481ea491aba837fe2d5ef9e11fcb1dcab48cbd5f319cc578d84c7fe46758fc21,hazard_detection,sa1 N2,16,3,25,True,65536,0.96923828125,0.96923828125,0.9999991045478396,False,False,1,0,1,1.0,1.0,0.75,0.875,1.0,1.0,1.0
479,e18e9d1882e132a440dcd76e257aacae9cd4fc371906fed22e2e2d7b51e74c31,boothpp,sa0 out_in_2n[9],16,85,103,True,65536,0.5,0.5,0.9375,False,True,1,0,1,1.0,0.3125,0.5,0.875,0.875,0.6875,0.875
480,d6aa265aa30ee2c3cfd9dd12bf4a7be061dd852a0960420906b209cf9a06b0db,lut_wm8731,sa1 lut_data[27],10,32,48,True,1024,0.009765625,0.009765625,0.038494011605507694,False,True,1,0,1,1.0,0.0,0.1875,0.3125,0.4375,0.4375,0.0
481,f496679e2a93b54e4579ab7e5793d9e7140277260ea7ef401f87706fc3173a8b,alu,sa0 n25,6,19,59,True,64,0.578125,0.59375,0.9683236479759216,False,False,1,0,1,1.0,0.625,0.5625,0.8125,0.9375,0.9375,1.0
482,9a2abcb02793f49670b808788a44918e0aa37e7f717516befdc5d3479655bb3e,qkt_macro_handler_unit_add_28sx17u_29s_1,sa0 n15,45,29,87,False,8192,0.995849609375,0.995849609375,0.9999999997032738,False,False,1,0,1,1.0,1.0,0.6875,0.9375,0.9375,0.75,1.0
483,4e56b75db6ffb471502f4b3719ff1c2c12ea0053948d1047016e43509b073dba,shift_left_2,sa0 in[23],32,32,33,False,8192,0.5009765625,0.5009765625,0.937986852600261,True,False,0,1,1,1.0,0.375,0.3125,0.875,0.75,1.0,1.0
484,044cb3ec7df4278cabcac7ee82cb0e6b28124026885dfd93ce2917c1a9ab555c,instruction_decoder,sa1 reg_wr,6,10,19,True,64,0.953125,0.953125,0.9999951720237732,False,True,0,1,1,1.0,0.875,0.875,1.0,1.0,1.0,1.0
485,f12503285cff4dc2c7c38472579e3c1e75c8bc2d1b326963e599ffc79bc677c7,bcd_to_7_segment_decoder,sa0 i1,4,7,13,True,16,0.5,0.5,0.9375,True,False,0,1,1,1.0,0.375,1.0,1.0,1.0,1.0,0.875
486,197efca64ae5465f51a482c5320fb98f4c0381e077b3ef15e50ac727f34d6d1a,decoder,sa0 d1,2,4,6,True,4,0.25,0.25,0.68359375,False,True,0,0,0,0.4375,0.0625,0.0625,0.1875,0.5,0.375,0.625
487,1d7ba9c508a7f5fdf8de60a6fdefc1e747924749b17a1f38403fbd9514cc27be,top,sa1 n57,40,73,119,False,8192,0.9368896484375,0.9979248046875,0.9999841363763584,False,False,0,1,1,1.0,1.0,0.625,1.0,1.0,1.0,1.0
488,abb21e01ddff6584b91f23c480a27a2f1315436930d93e0070ea8a92245b42b4,controlunit,sa0 regwr,6,10,16,True,64,0.09375,0.09375,0.3254842758178711,False,True,0,0,0,0.25,0.25,0.25,0.25,0.3125,0.375,0.3125
489,c69c4f29743da9e7b0f88fbff3541f32e5c76d97507dd3bfc9bf9da61c120144,guia_0405,sa1 n30,20,10,25,False,8192,0.875,0.875,0.999755859375,False,False,0,1,1,1.0,0.875,0.6875,0.9375,0.9375,1.0,1.0
490,243fb93bec17719748326245c42e4327a2e1aa0e3d618e1b268ef64f920a3c33,dimc_macro_equal_1u_1_4,sa1 out1,6,1,3,True,64,0.984375,0.984375,0.9999999403953552,False,True,1,1,1,1.0,0.9375,1.0,1.0,1.0,1.0,1.0
491,9c141c84906006a290e5aeb4fb74e8173b6969294c42335d393af86ad3480c70,seg7x4withcolon,sa1 n23,7,16,34,True,128,0.75,0.75,0.99609375,False,False,0,1,1,1.0,0.75,0.25,0.5625,0.8125,1.0,1.0
492,cf1f852ed15a4912ebe7e2de85dd6f280ec87ed47a29732fc6477ce12a1f7562,cin_logic,sa0 fs2,4,1,4,True,16,0.3125,0.5,0.7765960693359375,True,False,0,1,1,1.0,0.3125,0.5625,0.75,1.0,1.0,0.5625
493,775ee3ad35531c5190619a67f290bbcb9dd40c836198fde3a481d37a35fcac75,s1l3c,sa1 salida,3,1,2,True,8,0.5,0.5,0.9375,False,True,1,0,1,1.0,0.375,0.5,0.6875,1.0,0.9375,0.9375
494,0e04d4904831b2e2deaedbc13d694e2f196bb8a70b3e69f4315686776b04fac2,rv32i_aludec,sa0 ar_i,14,17,32,True,16384,0.234375,0.5,0.6563910841941833,True,False,0,0,0,0.4375,0.25,0.25,0.75,0.9375,0.8125,0.75
495,d0742420f66c42044424eb1c1036c96f3c2825d9091acf39543c984587327895,halfadderbehavioral,sa1 carry,2,2,4,True,4,0.75,0.75,0.99609375,False,True,1,0,1,1.0,0.6875,0.8125,0.8125,1.0,1.0,1.0
496,44c39b7de91738420c55fbcd8a1588ce3942ceed332a3c90c3f27c3743bf0382,qkt_macro_handler_unit_sub_18sx17u_19s_1,sa1 n2,35,19,62,False,8192,0.7467041015625,0.7467041015625,0.9958836468215428,False,False,0,1,1,1.0,0.75,0.375,0.6875,0.8125,0.75,1.0
497,45ee41341c9226d46c695c097eda7904623423c56ca4f268260c3cb155d847bf,top_module,sa1 n4,8,1,4,True,256,0.5,0.5,0.9375,False,False,0,0,0,0.6875,0.5,0.4375,0.75,0.8125,0.9375,0.9375
498,d9b8bc9190e64b0614e7aa9bfe7807874282d330ea3fbc3422d0c7f559342545,adder,sa1 n162,64,32,93,False,8192,0.4959716796875,0.4959716796875,0.9354613677955681,False,False,0,1,1,1.0,0.75,0.375,0.875,1.0,0.875,1.0
499,7ef16f21b7a86131177af3cad3aef709feca880957e98335c158818ce69f1750,qkt_macro_handler_hub_equal_1u_28_4,sa1 out1,2,1,2,True,4,0.75,0.75,0.99609375,False,True,1,0,1,1.0,0.75,0.4375,0.8125,0.8125,0.8125,1.0
500,c06429837b62d309728ec459c1c34985259760695baa1e4d6a052452512899fa,wb,sa1 n21,50,16,19,False,8192,0.743408203125,0.75146484375,0.9956651799621419,False,False,0,0,0,1.0,0.8125,0.875,0.9375,1.0,0.9375,1.0
501,898948a5bc131cf2ef3953e1658f3d57e7948591851b70297e86db834d62f5c9,sigma,sa0 n52,12,12,45,True,4096,0.515380859375,0.515625,0.9448427947945639,False,False,1,0,1,1.0,0.4375,0.5,0.875,0.9375,0.9375,0.875
502,26d79a91cb3115489f7a492be71ef5ec30316525543a071455eff0b9cd38e561,add_one,sa0 n9,8,8,17,True,256,0.9921875,0.9921875,0.9999999962747097,False,False,1,0,1,1.0,1.0,1.0,1.0,1.0,1.0,1.0
503,fb1e7859e156d23ef1f886f8da16a84072685d77dffa84536fc61edd2d18d923,alu,sa1 N32,11,4,57,True,2048,0.125,0.5,0.413818359375,False,False,0,0,0,0.1875,0.0,0.0625,0.0625,0.4375,0.25,0.4375
504,e32bfab3f20d272b4692894549925790a7ddd9f1a203cd107c058b88351cde41,mux_2x1,sa0 s,3,1,2,True,8,0.25,0.5,0.68359375,True,False,0,0,0,0.5,0.1875,0.5625,0.75,0.9375,1.0,0.5
505,95f3f7ef242f53247bcc87639ee14a7e500b1fd9d0896ae71cbc0f7271f458a9,control,sa1 o_alusrc,6,11,33,True,64,0.890625,0.890625,0.9998568892478943,False,True,1,1,1,1.0,1.0,0.9375,1.0,1.0,1.0,1.0
506,f704dea1ab600b457cf2b7c8159e0e792620c033d0ddbc62ed0c995aee601604,hazard_pipeline,sa1 flushd,42,8,70,False,8192,0.5059814453125,0.5059814453125,0.9404374828487361,False,True,1,0,1,1.0,0.5,0.4375,0.875,0.8125,0.625,1.0
507,8125d6320e12d8d8cfdf0c90849944305c593ebba53f5d7a791988d15d14f922,top_module,sa1 do_jump,32,18,84,False,8192,0.9908447265625,0.9908447265625,0.9999999929743699,False,True,1,1,1,1.0,1.0,0.875,1.0,1.0,1.0,1.0
508,64e3f2017529963eb12d4e8525f0c94a07ac6338b1ac1c57450b10059a5fff3b,top_module,sa1 p1b,8,2,2,True,256,0.0625,0.5,0.2275238037109375,True,False,0,0,0,0.125,0.0,0.5625,0.625,0.9375,0.9375,0.1875
509,df92953eb413ddd2fbd8300b5ad0e4fbd1cc15d6bb74316bb88f966ff83b66e9,alu_control,sa0 n30,12,3,20,True,4096,0.46875,0.9375,0.9203481674194336,False,False,1,0,1,1.0,0.75,0.625,0.625,0.9375,0.9375,1.0
510,dd5528c66cd8f220af7a658bb581479b4c1ae85a6ea3f69837aff8b664336f8a,immgen,sa0 n28,32,32,51,False,8192,0.0103759765625,0.4962158203125,0.04086239766884936,False,False,0,0,0,0.0,0.0,0.0,0.0,0.0,0.0,0.125
511,64260c35e1d70d98aedfd4d1eb19acb71d15e9ab8439ba306dae44e540c9c938,top_module,sa1 down,16,4,15,True,65536,0.9999847412109375,0.9999847412109375,1.0,False,True,1,1,1,1.0,1.0,1.0,1.0,1.0,1.0,1.0
